EE01;Carrera;COMISIÓN;D;CAP Capacidades;COM COMPETENCIAS;¿Cómo enseñan los contenidos? Puedes seleccionar más de una;DA Dificultades de Aprendizaje;HT Herramientas Tecnológicas;EVA Tipo de Evaluacion;DEa Afinamiento de Conceptos;¿De qué manera lo hacen? Puedes seleccionar más de una;APR Formas que aprendo
6/9/202416:06:46;IEM;X1;ÁLGEBRA Y GEOMETRÍA ANALÍTICA;CAP02a;COM01,COM03;EE03,EE10;DA02a;HT01a;EVA01c,EVA01f,EVA02b;DEa01;DEb04;APRa
13/8/202418:17:01;IEM;D;INGENIERÍA Y SOCIEDAD;CAP02c;COM04,COM05;EE04,EE05;DA01a;HT01g,HT01k;EVA01f,EVA01i,EVA02c;DEa02;DEb02,DEb05;APRb,APRc
16/8/202408:01:28;ISI;A;LÓGICA Y ESTRUCTURA DISCRETAS;CAP01a;COM01,COM02,COM03,COM06;EE08,EE10;DA03,;HT01a;EVA01b,EVA01f,EVA02c;DEa03;;APRc
16/8/202408:01:34;ISI;A;LÓGICA Y ESTRUCTURA DISCRETAS;CAP01b;COM01,COM03,COM05;EE05,EE10;DA02b;HT01a;EVA01b,EVA01c,EVA02c;DEa03;;APRa,APRb
16/8/202408:01:40;ISI;A;LÓGICA Y ESTRUCTURA DISCRETAS;CAP03;COM01,COM02,COM04;EE05,EE10;DA02b;HT01i;EVA01a,EVA01b,EVA01c,EVA01d,EVA02c;DEa03;;APRa,APRf
16/8/202408:02:04;ISI;A;LÓGICA Y ESTRUCTURA DISCRETAS;CAP01a;COM01,COM05;EE03,EE05,EE10;DA03,;HT01a;EVA01a,EVA01b,EVA01c,EVA02c;DEa02;DEb04;APRb,APRe,APRf
16/8/202408:02:05;ISI;A;LÓGICA Y ESTRUCTURA DISCRETAS;CAP01a;COM01,COM03;EE10;DA01a;HT01a,HT01i;EVA01b,EVA02c;DEa02;DEb01;APRb,APRc
16/8/202408:02:14;ISI;1;LÓGICA Y ESTRUCTURA DISCRETAS;CAP01b;COM01,COM03;EE05,EE08,EE10;DA03,;HT01a,HT01i;EVA01b,EVA01d,EVA02c;DEa03;;APRb,APRf
16/8/202408:02:17;ISI;A;LÓGICA Y ESTRUCTURA DISCRETAS;CAP03;COM01,COM02,COM03;EE03,EE05,EE10;DA03,;HT01f;EVA01b,EVA01c,EVA01f,EVA02c;DEa01;DEb01;APRb,APRc,APRe
16/8/202408:02:19;ISI;A;LÓGICA Y ESTRUCTURA DISCRETAS;CAP01b;COM01,COM02,COM03,COM04;EE03,EE10;DA02b;HT01a;EVA01b,EVA02b;DEa03;;APRb,APRc,APRf
16/8/202408:02:22;ISI;A;LÓGICA Y ESTRUCTURA DISCRETAS;CAP02b;COM02;EE10;DA02a;HT02;EVA01a,EVA01b,EVA01d,EVA02c;DEa03;;APRb,APRc,APRf
16/8/202408:02:24;ISI;A;LÓGICA Y ESTRUCTURA DISCRETAS;CAP02c;COM01;EE06;DA02b;HT01i;EVA01b,EVA02c;DEa02;DEb01;APRb
16/8/202408:02:31;ISI;3;LÓGICA Y ESTRUCTURA DISCRETAS;CAP02b;COM01;EE04;DA03,;HT02;EVA01b,EVA02a;DEa03;;APRb,APRd
16/8/202408:02:32;ISI;A;LÓGICA Y ESTRUCTURA DISCRETAS;CAP01a;COM03;EE05;DA03,;HT01a;EVA01b,EVA01d,EVA02b;DEa02;DEb01;APRb
16/8/202408:02:33;ISI;A;LÓGICA Y ESTRUCTURA DISCRETAS;CAP02d;COM01;EE10;DA03,;HT01a,HT01i;EVA01a,EVA01b,EVA01f,EVA02a;DEa02;DEb01;APRb,APRc
16/8/202408:02:37;ISI;A;LÓGICA Y ESTRUCTURA DISCRETAS;CAP02c;COM01,COM03;EE06,EE08,EE10;DA03,;HT01a;EVA01a,EVA01b,EVA02c;DEa02;DEb02;APRb,APRd
16/8/202408:02:39;ISI;A;LÓGICA Y ESTRUCTURA DISCRETAS;CAP02a;COM01;EE05,EE08,EE10;DA02a;HT01a;EVA01a,EVA01b,EVA01c,EVA01f,EVA02b;DEa02;DEb01;APRb,APRc,APRe
16/8/202408:02:44;ISI;A;LÓGICA Y ESTRUCTURA DISCRETAS;CAP01b;COM01,COM03;EE08,EE10;DA03,;HT02;EVA01a,EVA01c,EVA01f,EVA02b;DEa03;;APRb
16/8/202408:02:50;ISI;A;LÓGICA Y ESTRUCTURA DISCRETAS;CAP01a;COM01,COM03;EE10;DA03,;HT01a;EVA01b,EVA02c;DEa03;;APRb,APRf
16/8/202408:02:54;ISI;1,1;LÓGICA Y ESTRUCTURA DISCRETAS;CAP02b;COM01,COM03,COM05;EE05,EE08;DA03,;HT02;EVA01b,EVA02b;DEa01;DEb04,;APRf
16/8/202408:02:57;ISI;A;LÓGICA Y ESTRUCTURA DISCRETAS;CAP02b;COM08;EE10;DA03,;HT01a;EVA01a,EVA01c,EVA02c;DEa02;DEb03,DEb06;APRb,APRc
16/8/202408:02:58;ISI;A;LÓGICA Y ESTRUCTURA DISCRETAS;CAP03;COM03;EE05,EE08;DA03,;HT02;EVA01c,EVA02b;DEa02;DEb04;
16/8/202408:02:58;ISI;A;LÓGICA Y ESTRUCTURA DISCRETAS;CAP02b;COM01;EE10;DA03,;HT01a;EVA01b,EVA02a;DEa03;;APRa
16/8/202408:03:00;ISI;k11;LÓGICA Y ESTRUCTURA DISCRETAS;CAP01b;COM01,COM03,COM05;EE10;DA02a;HT01a;EVA01b,EVA01c,EVA01d,EVA02c;DEa03;;APRb,APRc,APRf
16/8/202408:03:00;ISI;A;LÓGICA Y ESTRUCTURA DISCRETAS;CAP01a;COM01,COM02,COM03;EE10;DA03,;HT01a;EVA01a,EVA01c,EVA02c;DEa02;DEb01,DEb02,DEb04;APRb,APRc,APRe
16/8/202408:03:03;ISI;A;LÓGICA Y ESTRUCTURA DISCRETAS;CAP01a;COM01,COM02,COM03;EE05,EE08,EE10;DA01a;HT02;EVA01a,EVA01b,EVA02c;DEa02;DEb01,DEb02,DEb03,DEb04;APRa,APRb
16/8/202408:03:09;ISI;K11;LÓGICA Y ESTRUCTURA DISCRETAS;CAP01b;COM01,COM03;EE08,EE10;DA01a;HT01i,HT01l;EVA01b,EVA01f,EVA02c;DEa02;DEb01,DEb04,DEb06;APRb
16/8/202408:03:09;ISI;IsiA;LÓGICA Y ESTRUCTURA DISCRETAS;CAP01b;COM01,COM03;EE03,EE05;DA02b;HT01a;EVA01b,EVA02c;DEa02;DEb02,DEb06;APRa,APRc
16/8/202408:03:14;ISI;1;LÓGICA Y ESTRUCTURA DISCRETAS;CAP01b;COM01;EE03,EE08,EE10;DA03,;HT01a;EVA01b,EVA01f,EVA02b;DEa02;DEb02;APRc,APRe
16/8/202408:03:22;ISI;1;ALGORITMO Y ESTRUCTURA DE DATOS;CAP02a;COM01,COM03;EE01,EE04,EE08,EE10;DA02a;HT01a,HT01i;EVA01b,EVA01c,EVA01d,EVA01h,EVA02b;DEa02;DEb01,DEb03,DEb04;APRa,APRb,APRc,APRf
16/8/202408:03:25;ISI;1;LÓGICA Y ESTRUCTURA DISCRETAS;CAP02d;COM01,COM02,COM03;EE02,EE05,EE08,EE10;DA03,;HT01a;EVA01a,EVA01b,EVA01c,EVA01d,EVA01f,EVA02a;DEa02;DEb01;APRb,APRc,APRe
16/8/202408:03:27;ISI;A;LÓGICA Y ESTRUCTURA DISCRETAS;CAP01a;COM08;EE08,EE10;DA01a;HT01a;EVA01b,EVA01c,EVA02a;DEa01;DEb01,DEb02,DEb04;APRa,APRb,APRd,APRe
16/8/202408:03:31;ISI;1A;LÓGICA Y ESTRUCTURA DISCRETAS;CAP02a;COM08;EE08,EE10;DA03,;HT01i;EVA01a,EVA01c,EVA02b;DEa02;DEb01;APRc,APRe,APRf
16/8/202408:03:35;ISI;A;LÓGICA Y ESTRUCTURA DISCRETAS;CAP01c;COM05;EE08,EE10;DA02b;HT01a,HT01i;EVA01a,EVA01b,EVA01d,EVA02b;DEa02;DEb01;APRa,APRd
16/8/202408:03:39;ISI;A;LÓGICA Y ESTRUCTURA DISCRETAS;CAP02c;COM03;EE03,EE10;DA02a;HT01a;EVA01c,EVA02b;DEa01;DEb03;APRa
16/8/202408:03:40;ISI;A;LÓGICA Y ESTRUCTURA DISCRETAS;CAP03;COM01;EE03,EE08,EE10;DA03,;HT01a;EVA01b,EVA02b;DEa03;;APRb,APRc,APRf
16/8/202408:03:40;ISI;1A;LÓGICA Y ESTRUCTURA DISCRETAS;CAP01b;COM03,COM04;EE07,EE10;DA02a;HT02;EVA01b,EVA02b;DEa01;DEb02,DEb03;APRb,APRe
16/8/202408:03:41;ISI;Com3;LÓGICA Y ESTRUCTURA DISCRETAS;CAP02d;COM01,COM02,COM03;EE08,EE10;DA03,;HT01a,HT01i;EVA01a,EVA01b,EVA01d,EVA01f,EVA02a;DEa03;;APRb,APRe
16/8/202408:03:43;ISI;ISIA;LÓGICA Y ESTRUCTURA DISCRETAS;CAP01a;COM01,COM03;EE02,EE05,EE10;DA03,;HT01i;EVA01a,EVA01b,EVA01d,EVA02c;DEa01;DEb01,DEb04,DEb05,DEb06;APRb,APRc
16/8/202408:03:45;ISI;A;LÓGICA Y ESTRUCTURA DISCRETAS;CAP01a;COM01,COM02,COM03;EE03,EE04,EE10;DA01a;HT01a,HT01i,HT01k;EVA01a,EVA01b,EVA02c;DEa02;DEb01,DEb02;APRa,APRb
16/8/202408:03:51;ISI;A;LÓGICA Y ESTRUCTURA DISCRETAS;CAP02b;COM01;EE05,EE08,EE10;DA03,;HT01a;EVA01b,EVA02a;DEa03;;APRd
16/8/202408:03:52;ISI;1;LÓGICA Y ESTRUCTURA DISCRETAS;CAP01a;COM01,COM02,COM03;EE08,EE10;DA03,;HT01a;EVA01a,EVA01b,EVA01d,EVA02c;DEa03;;APRa,APRb,APRe
16/8/202408:03:59;ISI;A;LÓGICA Y ESTRUCTURA DISCRETAS;CAP01a;COM01,COM02,COM03;EE01,EE08;DA02a;HT01a,HT01i;EVA01a,EVA01b,EVA02b;DEa02;DEb03;APRc
16/8/202408:04:01;ISI;1;LÓGICA Y ESTRUCTURA DISCRETAS;CAP01a;COM02,COM03;EE01,EE05;DA01a;HT01a,HT01a;EVA01a,EVA01b,EVA01d,EVA02b;DEa01;DEb01,DEb02,DEb03,DEb05;APRa,APRb,APRc
16/8/202408:04:02;ISI;ISIA;LÓGICA Y ESTRUCTURA DISCRETAS;CAP02a;COM01,COM02,COM04;EE03,EE08,EE10;DA01a;HT01a,HT01i;EVA01b,EVA01f,EVA02b;DEa01;DEb01,DEb02,DEb04,DEb06;APRa,APRb,APRf
16/8/202408:04:04;ISI;1;LÓGICA Y ESTRUCTURA DISCRETAS;CAP01a;COM03;EE03,EE08,EE10;DA02b;HT01a,HT01f;EVA01a,EVA01b,EVA02c;DEa02;DEb01,DEb04;APRa,APRb
16/8/202408:04:06;ISI;A;LÓGICA Y ESTRUCTURA DISCRETAS;CAP01a;COM01,COM02,COM05;EE08,EE10;DA02b;HT01a,HT01i;EVA01b,EVA02c;DEa02;DEb01;APRb
16/8/202408:04:06;ISI;A;LÓGICA Y ESTRUCTURA DISCRETAS;CAP01a;COM01,COM03;EE04,EE05,EE08,EE10;DA02a;HT01a,HT01i;EVA01a,EVA01c,EVA01f,EVA02c;DEa02;DEb02,DEb05;APRb,APRc,APRf
16/8/202408:04:06;ISI;A;LÓGICA Y ESTRUCTURA DISCRETAS;CAP02a;COM01;EE05,EE08,EE10;DA02a;HT01a,HT01i;EVA01a,EVA01b,EVA01f,EVA02c;DEa02;DEb04,DEb06;APRb,APRf
16/8/202408:04:09;ISI;11:00 a. m.;LÓGICA Y ESTRUCTURA DISCRETAS;CAP01a;COM01,COM02,COM03;EE03,EE10;DA02a;HT01f,HT01i;EVA01a,EVA01b,EVA01c,EVA01f,EVA02c;DEa01;DEb02;APRc,APRd
16/8/202408:04:15;ISI;K11;LÓGICA Y ESTRUCTURA DISCRETAS;CAP01a;COM01,COM03,COM04;EE04,EE06,EE10;DA02a;HT01a,HT01i;EVA01a,EVA01b,EVA01c,EVA01d,EVA02b;DEa02;DEb01;APRa,APRb,APRc
16/8/202408:04:16;ISI;K1;LÓGICA Y ESTRUCTURA DISCRETAS;CAP01a;COM03;EE01,EE03,EE07,EE10;DA02a;HT01a,HT01i;EVA01b,EVA01e,EVA02c;DEa03;;APRb,APRc,APRe,APRf
16/8/202408:04:31;ISI;3;LÓGICA Y ESTRUCTURA DISCRETAS;CAP02a;COM01,COM03;EE01,EE10;DA01a;HT01a,HT01i;EVA01b,EVA02c;DEa02;DEb01;APRa,APRb,APRc,APRd,APRe
16/8/202408:04:36;ISI;1;ALGORITMO Y ESTRUCTURA DE DATOS;CAP02b;COM08;EE10;DA03,;HT01i,HT01k;EVA01b,EVA02c;DEa03;;APRc
16/8/202408:04:41;ISI;A;LÓGICA Y ESTRUCTURA DISCRETAS;CAP02b;COM03;EE08;DA02b;HT01a,HT01b,HT01i;EVA01b,EVA02c;DEa02;DEb02,DEb03;APRb
16/8/202408:04:42;ISI;A;LÓGICA Y ESTRUCTURA DISCRETAS;CAP01a;COM04;EE05,EE07,EE10;DA03,;HT01a;EVA01b,EVA01d,EVA02b;DEa03;;APRa,APRb
16/8/202408:04:45;ISI;A;LÓGICA Y ESTRUCTURA DISCRETAS;CAP02b;COM02,COM03;EE03,EE08;DA03,;HT02;EVA01b,EVA01d,EVA01f,EVA02c;DEa02;DEb01;APRb,APRf
16/8/202408:04:50;ISI;1A;LÓGICA Y ESTRUCTURA DISCRETAS;CAP02c;COM02;EE10;DA02b;HT02;EVA01b,EVA02c;DEa03;;APRb
16/8/202408:04:55;ISI;A;LÓGICA Y ESTRUCTURA DISCRETAS;CAP02b;COM01,COM03;EE01,EE04,EE05,EE08,EE10;DA02a;HT01a,HT01i;EVA01c,EVA01f,EVA02b;DEa02;DEb01,DEb06;APRb,APRc
16/8/202408:05:01;ISI;D;LÓGICA Y ESTRUCTURA DISCRETAS;CAP01a;COM01,COM03,COM04;EE01,EE10;DA01a;HT01a;EVA01b,EVA01d,EVA02c;DEa02;DEb01,DEb03,DEb04;APRa,APRb,APRc
16/8/202408:05:07;ISI;AK11;LÓGICA Y ESTRUCTURA DISCRETAS;CAP02a;COM03;EE03;DA02c;HT02;EVA01b,EVA01d,EVA02c;DEa03;;APRb
16/8/202408:05:10;ISI;1A;LÓGICA Y ESTRUCTURA DISCRETAS;CAP01c;COM01;EE04,EE10;DA02b;HT02;EVA01a,EVA01b,EVA01d,EVA01f,EVA02c;DEa03;;APRb
16/8/202408:05:33;ISI;1A;LÓGICA Y ESTRUCTURA DISCRETAS;CAP01a;COM01,COM04,COM05;EE01,EE03,EE05,EE06,EE08;DA02a;HT01a;EVA01a,EVA01b,EVA01c,EVA01d,EVA01f,EVA02c;DEa02;DEb06;APRa,APRb,APRc,APRd,APRe,APRf
16/8/202408:05:35;ISI;A;LÓGICA Y ESTRUCTURA DISCRETAS;CAP01a;COM01;EE07,EE08,EE10;DA02a;HT01a,HT01i;EVA01b,EVA01d,EVA02b;DEa02;DEb04;APRb
16/8/202408:05:56;ISI;A;LÓGICA Y ESTRUCTURA DISCRETAS;CAP01b;COM02,COM05;EE08;DA02a;HT01i,;EVA01b,EVA02c;DEa03;;APRa,APRb
16/8/202408:05:59;ISI;D;LÓGICA Y ESTRUCTURA DISCRETAS;CAP03;COM08;EE08;DA03,;HT02;EVA01a,EVA01c,EVA02b;DEa02;DEb03;APRc
16/8/202408:06:32;ISI;A;LÓGICA Y ESTRUCTURA DISCRETAS;CAP01b;COM01,COM02,COM03;EE03,EE10;DA02b;HT01a;EVA01b,EVA01d,EVA02b;DEa02;DEb01;APRb
16/8/202408:09:37;ISI;A;LÓGICA Y ESTRUCTURA DISCRETAS;CAP02b;COM01,COM03;EE05,EE08,EE10;DA02b;HT01i;EVA01a,EVA01b,EVA01c,EVA01d,EVA02c;DEa01;DEb01,DEb02,DEb04,DEb06;APRa,APRb,APRe,APRf
21/8/202418:23:31;ISI;D;ÁLGEBRA Y GEOMETRÍA ANALÍTICA;CAP01b;COM01,COM04,COM05;EE01,EE04,EE05,EE10;DA01b;HT02;EVA01b,EVA01d,EVA01f,EVA02c;DEa01;DEb02;APRa,APRb,APRd,APRf
21/8/202418:30:29;ISI;Dk14;ÁLGEBRA Y GEOMETRÍA ANALÍTICA;CAP01a;COM01,COM04,COM06;EE10;DA02a;HT01a,HT01e,HT01i;EVA01a,EVA01b,EVA01d,EVA01f,EVA01h,EVA02c;DEa02;DEb06;APRb,APRc
21/8/202418:32:55;ISI;D(K14);ALGORITMO Y ESTRUCTURA DE DATOS;CAP01b;COM01,COM03,COM06;EE08;DA02a;HT02;EVA01b,EVA01h,EVA02c;DEa02;DEb01;APRb,APRc,APRf
21/8/202418:32:57;ISI;D;ÁLGEBRA Y GEOMETRÍA ANALÍTICA;CAP01a;COM01,COM02,COM05,COM07;EE01,EE08,EE10;DA02a;HT01a,HT01i;EVA01a,EVA01b,EVA01c,EVA01d,EVA01f,EVA02c;DEa02;DEb01;APRa,APRd
6/9/202415:52:22;IEM;A;ELECTROMECÁNICA I;CAP01c;COM05;EE06;DA03,;HT01i;EVA01f,EVA02c;DEa01;DEb01;APRa,APRb
21/8/202418:37:42;ISI;Do4;ÁLGEBRA Y GEOMETRÍA ANALÍTICA;CAP01a;COM02,COM03;EE01,EE08,EE10;DA03,;HT01b,HT01a,televisortáctil;EVA01b,EVA01d,EVA01f,EVA02b;DEa02;DEb01,DEb02;APRa,APRb
21/8/202418:38:18;ISI;D;ÁLGEBRA Y GEOMETRÍA ANALÍTICA;CAP01a;COM01,COM02,COM03;EE10;DA01a;HT01a;EVA01c,EVA01h,EVA02c;DEa02;DEb01;APRb
6/9/202415:55:14;IEM;A;ELECTROMECÁNICA I;CAP01a;COM01,COM02,COM03;EE02;DA02b;HT01a;EVA01e,EVA01f,EVA02a;DEa02;DEb01;APRb,APRc,APRd
6/9/202415:53:15;IEM;1;FÍSICA I;CAP01b;COM01;EE01;DA01a;HT01b;EVA01a,EVA01b,EVA02a;DEa01;DEb01;APRa
21/8/202418:44:28;ISI;D;ÁLGEBRA Y GEOMETRÍA ANALÍTICA;CAP01a;COM01,COM03,COM04;EE06,EE10;DA02b;HT01a,HT01i;EVA01b,EVA01f,EVA01j,EVA02c;DEa03;;APRc,APRe
21/8/202418:46:12;ISI;D;ÁLGEBRA Y GEOMETRÍA ANALÍTICA;CAP01a;COM01,COM04,COM05;EE04,EE06,EE10;DA01a;HT02;EVA01b,EVA01f,EVA01j,EVA02c;DEa01;DEb01,DEb03;APRb,APRc
21/8/202418:47:03;ISI;D;ELECTROMECÁNICA I;CAP02a;COM01,COM03;EE04,EE08,EE10;DA03,;HT01i;EVA01b,EVA01d,EVA02c;DEa01;DEb02;APRb,APRc
6/9/202415:55:06;IEM;A;FÍSICA I;CAP01a;COM01,COM02,COM03;EE01,EE03,EE05,EE07,EE09,EE10;DA01a;HT01b;EVA01c,EVA01d,EVA01f,EVA01j,EVA02c;DEa02;DEb03,DEb04;APRb,APRc
21/8/202418:59:08;ISI;D;ÁLGEBRA Y GEOMETRÍA ANALÍTICA;CAP01a;COM01,COM03,COM04;EE01,EE10;DA01a;HT01i;EVA01b,EVA01f,EVA02c;DEa02;DEb01,DEb06;APRb
6/9/202415:55:09;IEM;11:00 a. m.;FÍSICA I;CAP02a;COM01,COM03;EE08;DA03,;HT02;EVA01b,EVA02c;DEa02;DEb01;APRb,APRc,APRe,APRf
21/8/202419:33:10;ISI;4;ÁLGEBRA Y GEOMETRÍA ANALÍTICA;CAP02c;COM01;EE10;DA02b;HT01a,HT01i;EVA01a,EVA01b,EVA01c,EVA01d,EVA01f,EVA02b;DEa01;DEb01;APRb
21/8/202419:40:19;ISI;D;ÁLGEBRA Y GEOMETRÍA ANALÍTICA;CAP01a;COM01,COM03;EE05,EE08,EE10;DA02a;HT01a,HT01f,HT01i;EVA01a,EVA01b,EVA01c,EVA01d,EVA01h,EVA02c;DEa01;DEb01,DEb04;APRb,APRd
21/8/202419:43:39;ISI;D;ÁLGEBRA Y GEOMETRÍA ANALÍTICA;CAP01a;COM01,COM03,COM06;EE01,EE10;DA02a;HT01a,HT01i;EVA01b,EVA01f,EVA01j,EVA02c;DEa02;DEb01;APRb,APRe,APRf
6/9/202415:55:09;IEM;IEM-A;FÍSICA I;CAP02c;COM01,COM02,COM03;EE01,EE08,EE09,EE10;DA01a;HT01a,HT01b;EVA01b,EVA01f,EVA02c;DEa03;;APRa,APRb,APRc
21/8/202420:55:05;ISI;D;ÁLGEBRA Y GEOMETRÍA ANALÍTICA;CAP01a;COM01,COM02,COM03;EE08,EE10;DA01a;HT01a,HT01i;EVA01c,EVA01d,EVA01f,EVA02c;DEa02;DEb01,DEb06;APRb,APRc
6/9/202415:55:20;IEM;A;FÍSICA I;CAP02a;COM01,COM03,COM04;EE01,EE04;DA01a;HT02;EVA01a,EVA01b,EVA01j,EVA02a;DEa02;DEb02;APRa,APRc,APRd
21/8/202421:05:35;ISI;D;ÁLGEBRA Y GEOMETRÍA ANALÍTICA;CAP01a;COM01,COM03;EE01,EE08,EE10;DA01a;HT01a;EVA01b,EVA01j,EVA02b;DEa03;;APRa,APRb
6/9/202415:55:37;IEM;1;FÍSICA I;CAP02c;COM01;EE10;DA03,;HT01a,HT01b;EVA01a,EVA01b,EVA02a;DEa02;DEb01;APRa,APRb
22/8/202409:27:41;ISI;D;ÁLGEBRA Y GEOMETRÍA ANALÍTICA;CAP01a;COM01,COM03,COM06;EE01,EE04,EE10;DA02a;HT01a;EVA01b,EVA01d,EVA01f,EVA01h,EVA02c;DEa01;DEb01;APRa,APRb,APRc
6/9/202415:55:40;IEM;A;FÍSICA I;CAP01c;COM01,COM03;EE01,EE02,EE04,EE06;DA02b;HT02;EVA01b,EVA01j,EVA02c;DEa03;;APRa,APRb
22/8/202409:57:57;ISI;D;ÁLGEBRA Y GEOMETRÍA ANALÍTICA;CAP01b;COM01;EE01,EE03,EE10;DA01a;HT01a;EVA01b,EVA01f,EVA02c;DEa03;;APRb,APRc,APRf
22/8/202411:17:29;ISI;Dk14;ÁLGEBRA Y GEOMETRÍA ANALÍTICA;CAP01a;COM01,COM02;EE06,EE10;DA02b;HT01i,HT01l;EVA01a,EVA01b,EVA01d,EVA02b;DEa02;DEb04;APRa,APRb
22/8/202411:23:34;ISI;D;ÁLGEBRA Y GEOMETRÍA ANALÍTICA;CAP01a;COM01,COM02,COM03;EE01,EE03,EE04,EE05,EE08,EE10;DA02b;HT01a;EVA01b,EVA01d,EVA01f,EVA02c;DEa02;DEb02,DEb03,DEb04;APRb,APRc,APRe
22/8/202412:09:08;ISI;D;ÁLGEBRA Y GEOMETRÍA ANALÍTICA;CAP01a;COM01,COM03,COM04;EE10;DA02b;HT01a,HT01e;EVA01a,EVA01b,EVA01c,EVA01f,EVA02c;DEa02;DEb01;APRb,APRd
22/8/202414:35:49;ISI;D;ÁLGEBRA Y GEOMETRÍA ANALÍTICA;CAP01a;COM03;EE10;DA02b;HT01e;EVA01c,EVA01f,EVA02b;DEa02;DEb01;APRc
6/9/202415:55:50;IEM;X11;FÍSICA I;CAP01d;COM01,COM02,COM03,COM06;EE01,EE02,EE08;DA01a;HT01b;EVA01b,EVA01j,EVA02b;DEa01;DEb01,DEb05;APRc
22/8/202422:26:51;ISI;D;ÁLGEBRA Y GEOMETRÍA ANALÍTICA;CAP01a;COM01;EE01;DA01a;HT02;EVA01a,EVA01b,EVA02b;DEa03;;APRb
23/8/202410:58:04;ISI;D;ÁLGEBRA Y GEOMETRÍA ANALÍTICA;CAP01a;COM01;EE08,EE10;DA01a;HT02;EVA01b,EVA01f,EVA01j,EVA02c;DEa02;DEb01;APRb
6/9/202415:55:50;IEM;A;FÍSICA I;CAP02a;COM01;EE03,EE08;DA02a;HT01a,HT01b,HT01l;EVA01a,EVA01b,EVA02c;DEa01;DEb03;APRc
23/8/202411:19:03;ISI;D;ÁLGEBRA Y GEOMETRÍA ANALÍTICA;CAP02b;COM02,COM03;EE05,EE10;DA03,;HT01a;EVA01b,EVA01f,EVA02c;DEa02;DEb06;APRb,APRc,APRe,APRf
6/9/202415:55:51;IEM;A;FÍSICA I;CAP01a;COM01;EE04,EE09;DA01a;HT01b;EVA01a,EVA01b,EVA01f,EVA02a;DEa02;DEb01;APRa
23/8/202411:45:51;ISI;D;ÁLGEBRA Y GEOMETRÍA ANALÍTICA;CAP03;COM01;EE08;DA03,;HT01b;EVA01c,EVA02b;DEa02;DEb01;APRb
6/9/202415:56:02;IEM;1,1;FÍSICA I;CAP01b;COM01,COM03,COM05;EE03,EE05,Trabajoenequipoogrupal,EE08,EE10;DA02a;HT01b,HT01e;EVA01b,EVA01d,EVA02c;DEa01;DEb01;APRa,APRb,APRd,APRe,APRf
23/8/202412:14:02;ISI;D;ÁLGEBRA Y GEOMETRÍA ANALÍTICA;CAP01c;COM01,COM02,COM03;EE10;DA02b;HT01a;EVA01b,EVA01f,EVA02c;DEa02;DEb01;APRa,APRc,APRe
23/8/202413:07:46;ISI;D;ÁLGEBRA Y GEOMETRÍA ANALÍTICA;SIEMPRE,Enmediodelasexplicaciones;COM01,COM04,COM05;EE02,EE03,EE06,EE08,EE10;DA03,;HT01a;EVA01b,EVA01c,EVA01d,EVA01h,EVA02b;DEa01;DEb01;APRb,APRe,APRf
23/8/202413:18:53;ISI;D;ÁLGEBRA Y GEOMETRÍA ANALÍTICA;CAP02d;COM01,COM02,COM03;EE04,EE08,EE10;DA02a;HT01a;EVA01a,EVA01b,EVA01c,EVA01f,EVA01h,EVA02c;DEa02;DEb02;APRa,APRb,APRc,APRf
23/8/202414:18:19;ISI;D;ÁLGEBRA Y GEOMETRÍA ANALÍTICA;CAP02c;COM01,COM03,Apensaryjustificarconpensamientocrítico;EE03,EE04,EE10;DA01b;HT02;EVA01a,EVA01b,EVA01d,EVA01j,EVA02a;DEa03;;APRa,APRb,APRe,APRf
6/9/202415:56:05;IEM;A;FÍSICA I;CAP03;COM08;EE01,EE10;DA03,;HT02;EVA01b,EVA02b;DEa02;DEb01;APRb
23/8/202415:03:08;ISI;D;ÁLGEBRA Y GEOMETRÍA ANALÍTICA;CAP01a;COM01;EE08,EE10;DA01a;HT02;EVA01b,EVA01j,EVA02b;DEa03;;APRa,APRb
6/9/202415:56:09;IEM;A;FÍSICA I;CAP01a;COM03;EE08;DA01b;HT01b;EVA01b,EVA01j,EVA02c;DEa03;;APRb
23/8/202418:50:33;ISI;D;ÁLGEBRA Y GEOMETRÍA ANALÍTICA;CAP02a;COM01,COM03;EE06,EE08,EE10;DA02a;HT01a;EVA01b,EVA01f,EVA01j,EVA02c;DEa02;DEb01;APRa,APRb
23/8/202421:01:57;ISI;D;ÁLGEBRA Y GEOMETRÍA ANALÍTICA;CAP01c;COM01,COM03,COM05;EE08,EE10;DA03,;HT02;EVA01b,EVA01f,EVA01h,EVA02c;DEa03;;APRb
6/9/202415:56:09;IEM;A;FÍSICA I;CAP02a;COM01,COM03,COM05;EE03,EE04,EE09,EE10;DA01a;HT01b;EVA01b,EVA01f,EVA01h,EVA01j,EVA02c;DEa02;DEb01;APRa,APRb,APRc,APRf
6/9/202415:56:09;IEM;A;FÍSICA I;CAP02a;COM01,COM03;EE01,EE09,EE10;DA02a;HT01b,HT01i;EVA01a,EVA01b,EVA02c;DEa02;DEb01;APRb
25/8/202420:44:32;ISI;D;ÁLGEBRA Y GEOMETRÍA ANALÍTICA;CAP01b;COM01,COM02,COM03,COM04;EE01,EE02,EE06,EE10;DA01a;HT02;EVA01a,EVA01b,EVA01c,EVA01d,EVA01f,EVA01h,EVA01j,EVA02c;DEa02;DEb01,DEb06;APRd,APRf
6/9/202415:56:10;IEM;X11;FÍSICA I;CAP01c;COM01,COM02,COM03,COM04,COM05,COM06,COM07;EE01,EE02,EE03,EE04,EE05,EE06,EE07,EE08,EE09,EE10;DA01a;HT01b;EVA01b,EVA01d,EVA01f,EVA01g,EVA01j,EVA02c;DEa02;DEb01,DEb04;APRa,APRb,APRc,APRe,APRf
27/8/202411:07:34;ISI;D;ÁLGEBRA Y GEOMETRÍA ANALÍTICA;CAP01d;COM01,COM04,COM05;EE01,EE06,EE10;DA02a;HT01i,HT01l;EVA01a,EVA01b,EVA01f,EVA02c;DEa02;DEb01,DEb03,DEb04;APRb,APRc,APRd
2/9/202418:31:56;IQ;1;INGLÉS;CAP01b;COM03,COM04,COM05;EE04,EE10;DA02b;HT01a,HT01b,HT01i;EVA01b,EVA01d,EVA01f,EVA02c;DEa01;DEb01,DEb05;APRa,APRb,APRe
2/9/202418:32:39;IQ;1;INGLÉS;CAP01a;COM01,COM05;EE05,EE08,EE10;DA01a;HT01i;EVA01b,EVA01d,EVA01f,EVA02c;DEa01;DEb01,DEb04;APRc,APRe
2/9/202418:32:55;IQ;1;INGLÉS;CAP02b;COM04,COM05;EE03,EE08;DA01a;HT01a,HT01i;EVA01d,EVA02c;DEa02;DEb01,DEb04,DEb06;APRa,APRb,APRe
3/9/202407:48:40;ISI;A;ANÁLISIS MATEMÁTICO;CAP01a;COM01,COM02,COM04,COM06;EE02,EE05,EE07,EE09;DA01a;HT01b,HT01i;EVA01a,EVA01b,EVA01f,EVA02c;DEa01;DEb01,DEb02,DEb03,DEb04,DEb05;APRb,APRd,APRe
3/9/202407:49:20;ISI;A;ANÁLISIS MATEMÁTICO;CAP01b;COM01,COM03;EE04,EE10;DA02a;HT02;EVA01a,EVA01b,EVA02b;DEa01;DEb01;APRb
3/9/202407:49:34;ISI;A;ANÁLISIS MATEMÁTICO;CAP01a;COM01,COM03;EE01,EE10;DA01a;HT01a;EVA01a,EVA01b,EVA02b;DEa03;;APRa,APRc
3/9/202407:49:44;ISI;A;ANÁLISIS MATEMÁTICO;CAP02d;COM05;EE08,EE10;DA02b;HT02;EVA01b,EVA02b;DEa03;;APRc,APRe,APRf
3/9/202407:49:46;ISI;A;ANÁLISIS MATEMÁTICO;CAP01b;COM01,COM04,COM06;EE05,EE08,EE10;DA01a;HT01f,HT01i;EVA01a,EVA01c,EVA01d,EVA01f,EVA02c;DEa01;DEb01,DEb02;APRb,APRc,APRf
3/9/202407:50:03;ISI;A;ALGORITMO Y ESTRUCTURA DE DATOS;CAP01a;COM02,COM05,COM06;EE03,EE05,EE09;DA01a;HT01b;EVA01b,EVA01c,EVA01d,EVA01f,EVA02a;DEa01;DEb01,DEb02,DEb03,DEb04,DEb05,DEb06;APRa,APRd,APRe
3/9/202407:50:04;ISI;A;ANÁLISIS MATEMÁTICO;CAP01b;COM01;EE10;DA01a;HT01a;EVA01a,EVA01c,EVA02c;DEa01;DEb01;APRb
3/9/202407:50:05;ISI;A;ANÁLISIS MATEMÁTICO;CAP01c;COM01,COM03;EE01,EE08,EE10;DA01a;HT01e,HT01f,HT01i;EVA01a,EVA01c,EVA01d,EVA01f,EVA02c;DEa01;DEb01,DEb04;APRa,APRb,APRf
3/9/202407:50:09;ISI;A;ANÁLISIS MATEMÁTICO;CAP02a;COM01,COM03;EE10;DA01a;HT01a;EVA01a,EVA01b,EVA01f,EVA02c;DEa01;DEb01;APRb
3/9/202407:50:11;ISI;A;ANÁLISIS MATEMÁTICO;CAP01a;COM08;EE10;DA03,;HT02;EVA01a,EVA01c,EVA02b;DEa02;DEb01;APRb
3/9/202407:50:18;ISI;1k1A;ANÁLISIS MATEMÁTICO;CAP01a;COM01,COM02,COM03;EE03,EE10;DA01a;HT01i,;EVA01a,EVA01b,EVA01c,EVA01f,EVA01h,EVA02c;DEa01;DEb01;APRb
3/9/202407:50:20;ISI;1;ANÁLISIS MATEMÁTICO;CAP02a;COM01;EE03;DA03,;powerpoint;EVA01b,EVA02c;DEa03;;APRb
3/9/202407:50:34;ISI;1A;ANÁLISIS MATEMÁTICO;CAP01a;COM01,COM03,COM04;EE03,EE05,EE10;DA02a;HT01a;EVA01a,EVA01c,EVA01d,EVA01f,EVA02c;DEa01;DEb01,DEb06;APRb,APRc,APRd
3/9/202407:50:35;ISI;A1;ANÁLISIS MATEMÁTICO;CAP02a;COM01,COM02;EE03,EE05,EE08,EE10;DA01b;HT02;EVA01a,EVA01c,EVA01d,EVA01f,EVA02b;DEa01;DEb01,DEb04;APRa,APRb,APRf
3/9/202407:50:38;ISI;A;ANÁLISIS MATEMÁTICO;CAP01c;COM01,COM05;EE01,EE03,EE10;DA01b;HT01i;EVA01b,EVA01d,EVA01f,EVA02c;DEa01;DEb01;APRb
3/9/202407:50:40;ISI;A;ANÁLISIS MATEMÁTICO;CAP02a;COM03;EE03,EE04,EE08;DA03,;HT01a,HT01f;EVA01a,EVA01c,EVA01d,EVA01f,EVA02b;DEa02;DEb01,DEb06;APRe,APRf
3/9/202407:50:41;ISI;A;ANÁLISIS MATEMÁTICO;CAP02a;COM08;EE10;DA02b;HT02;EVA01a,EVA01c,EVA01d,EVA02b;DEa02;DEb03,DEb04;APRc,APRe,APRf
3/9/202407:50:47;ISI;A;ANÁLISIS MATEMÁTICO;CAP01b;COM01;EE03;DA02b;HT01a;EVA01b,EVA01d,EVA02c;DEa01;DEb02;APRb,APRd
3/9/202407:50:48;ISI;A;ANÁLISIS MATEMÁTICO;CAP01a;COM01;EE06,EE10;DA02b;HT01a,HT01i;EVA01a,EVA01c,EVA01d,EVA01f,EVA02b;DEa01;DEb01;APRb
3/9/202407:50:49;ISI;A;ANÁLISIS MATEMÁTICO;CAP02b;COM01,COM02,COM05;EE03,EE05,EE10;DA02a;HT01a,HT01i;EVA01a,EVA01b,EVA01c,EVA01d,EVA01f,Todoslosanteriores;DEa01;DEb01,DEb04;APRb,APRc
3/9/202407:50:50;ISI;A;ALGORITMO Y ESTRUCTURA DE DATOS;CAP02b;COM01;EE04,EE08,EE10;DA02b;HT01e,HT01i;EVA01a,EVA01f,EVA02a;DEa03;;APRa,APRb
3/9/202407:50:55;ISI;A;ANÁLISIS MATEMÁTICO;CAP01a;COM01,COM03;EE01,EE03,EE08,EE10;DA02a;HT01i;EVA01a,EVA01c,EVA01f,EVA02c;DEa02;DEb02,DEb03,DEb05;APRa,APRb,APRf
3/9/202407:50:57;ISI;A;ANÁLISIS MATEMÁTICO;CAP01c;COM01,COM03,COM04;EE04,EE08,EE10;DA03,;HT01a,HT01i;EVA01a,EVA01c,EVA01d,EVA01f,EVA02b;DEa01;DEb01,DEb02,DEb03,DEb04,DEb05;APRa,APRb,APRc,APRe
3/9/202407:51:03;ISI;1;ANÁLISIS MATEMÁTICO;CAP01b;COM05;EE05;DA01a;HT01b;EVA01a,EVA01c,EVA02b;DEa02;DEb01,DEb02;APRa,APRb,APRc,APRd,APRe,APRf
3/9/202407:51:04;ISI;ISIA;ANÁLISIS MATEMÁTICO;CAP01a;COM01,COM03,COM05;EE03,EE08,EE10;DA02a;HT01a;EVA01a,EVA01b,EVA01d,EVA01f,EVA02c;DEa01;DEb01,DEb04,DEb05;APRa,APRb,APRc
3/9/202407:51:06;ISI;A;ANÁLISIS MATEMÁTICO;CAP01a;COM01,COM03,COM05;EE08,EE10;DA02b;HT02;EVA01a,EVA01c,EVA01f,EVA02a;DEa02;DEb04,DEb06;APRb,APRc
3/9/202407:51:06;ISI;A;ANÁLISIS MATEMÁTICO;CAP01a;COM01,COM03,COM06;EE03,EE04,EE05,EE08,EE10;DA02c;HT01i;EVA01a,EVA01b,EVA01c,EVA01d,EVA01f,EVA02c;DEa02;DEb01,DEb06;APRa,APRb,APRc,APRe,APRf
3/9/202407:51:09;ISI;isiak11;ANÁLISIS MATEMÁTICO;CAP02b;COM01,COM03;EE01,EE10;DA01a;HT01i;EVA01a,EVA01b,EVA01c,EVA01d,EVA01h,EVA02c;DEa01;DEb04;APRc,APRf
3/9/202407:51:12;ISI;1roA;ANÁLISIS MATEMÁTICO;CAP01b;COM01;EE01,EE10;DA01a;HT01i;EVA01a,EVA01c,EVA01d,EVA01h,EVA02a;DEa02;DEb02,DEb03;APRa,APRb,APRc
3/9/202407:51:15;ISI;A;ANÁLISIS MATEMÁTICO;CAP02a;COM01;EE10;DA02b;HT01i;EVA01a,EVA01d,EVA02c;DEa02;DEb01;APRa,APRb
3/9/202407:51:16;ISI;A;ANÁLISIS MATEMÁTICO;CAP02a;COM01;EE04,EE08;DA02b;HT01a;EVA01a,EVA01c,EVA01d,EVA01f,EVA02b;DEa01;DEb01,DEb04,DEb05,DEb06;APRb,APRc
3/9/202407:51:16;ISI;1;ANÁLISIS MATEMÁTICO;CAP01a;COM01;EE04,EE08,EE10;DA02a;HT01a,HT01i;EVA01a,EVA01c,EVA02b;DEa01;DEb01,DEb02;APRa,APRb,APRc
3/9/202407:51:22;ISI;A;ALGORITMO Y ESTRUCTURA DE DATOS;CAP01a;COM01,COM02,COM03,COM04,COM05;EE01,EE02,EE06;DA01a;HT01a,HT01b,HT01e,HT01f,HT01i,HT01k;EVA01c,EVA01d,EVA01f,EVA01h,EVA02a;DEa02;DEb01;APRa,APRb,APRe
3/9/202407:51:22;ISI;A;ANÁLISIS MATEMÁTICO;CAP01a;COM01,COM03;EE04,EE10;DA02b;HT01i;EVA01a,EVA01b,EVA01c,EVA01d,EVA01f,EVA02a;DEa01;DEb01,DEb02;APRa,APRb
3/9/202407:51:24;ISI;1;ANÁLISIS MATEMÁTICO;CAP02c;COM03,COM06;EE01;DA02b;HT01g,HT01i,;EVA01a,EVA01c,EVA01d,EVA01f,EVA02a;DEa02;DEb02,DEb03,DEb04,DEb05;APRa,APRb,APRf
3/9/202407:51:24;ISI;A;ANÁLISIS MATEMÁTICO;CAP01a;COM01,COM02,COM03,COM04,COM05;EE01,EE05,EE08,EE10;DA01a;HT01i;EVA01a,EVA01c,EVA01d,EVA02c;DEa01;DEb01,DEb02,DEb04,DEb05;APRb,APRc,APRe
3/9/202407:51:30;ISI;A;ALGORITMO Y ESTRUCTURA DE DATOS;CAP01a;COM02,COM04;EE05,EE10;DA01a;HT01a,HT01b,HT01i,HT01l;EVA01b,EVA01d,EVA02c;DEa02;DEb06;APRb,APRc
3/9/202407:51:31;ISI;A;ALGORITMO Y ESTRUCTURA DE DATOS;CAP01a;COM03,COM04;EE04,EE06,EE08,EE10;DA03,;HT01a,HT01b,HT01i,HT01k;EVA01c,EVA01d,EVA01f,EVA02c;DEa03;;APRa,APRb,APRe
3/9/202407:51:32;ISI;1,1;ANÁLISIS MATEMÁTICO;AVECES,Durantelaclase;COM02,COM03;EE08,EE10;DA02a;HT01i;EVA01a,EVA01c,EVA01d,EVA01f,EVA02c;DEa02;DEb01,DEb02,DEb04,DEb05;APRb,APRd
3/9/202407:51:48;ISI;A;ANÁLISIS MATEMÁTICO;CAP01a;COM01,COM03;EE01,EE03,EE05,EE10;DA02a;HT01a,HT01e,HT01i;EVA01b,EVA01d,EVA01f,EVA02c;DEa01;DEb01,DEb03,DEb06;APRb,APRf
3/9/202407:51:53;ISI;A;ALGORITMO Y ESTRUCTURA DE DATOS;CAP01c;COM01,COM02,COM03,COM04;EE01,EE10;DA01a;HT01a,HT01b,HT01i,HT01k;EVA01a,EVA01c,EVA02b;DEa01;DEb01;APRa,APRb
3/9/202407:52:04;ISI;A;ALGORITMO Y ESTRUCTURA DE DATOS;CAP01b;COM01,COM02,COM04,COM06,COM07;EE03,EE05;DA02b;HT01a,HT01b,HT01i,HT01k;EVA01a,EVA01c,EVA01e,EVA01f,EVA02b;DEa02;DEb01;APRc,APRe,APRf
3/9/202407:52:13;ISI;A;ANÁLISIS MATEMÁTICO;CAP01b;COM03;EE05,EE08,EE10;DA01a;HT01b;EVA01a,EVA01b,EVA02c;DEa02;DEb01;APRa,APRb,APRe
3/9/202407:52:16;ISI;1;ALGORITMO Y ESTRUCTURA DE DATOS;CAP03;COM04;EE03,Trabajoenequipoogrupal;DA03,;HT01a,HT01k;EVA01a,EVA01c,EVA02b;DEa03;;APRa,APRf
3/9/202407:52:16;ISI;A;ANÁLISIS MATEMÁTICO;CAP03;COM03;EE05;DA03,;HT01i;EVA01a,EVA01c,EVA01d,;DEa02;DEb01,DEb04;APRa
3/9/202407:52:20;ISI;ISIAK11;ANÁLISIS MATEMÁTICO;CAP02d;COM08;EE03,EE10;DA01b;HT01i;EVA01b,EVA01c,EVA01f,EVA02b;DEa02;DEb01,DEb04;APRb,APRc
3/9/202407:52:20;ISI;A;ANÁLISIS MATEMÁTICO;CAP01a;COM01,COM02,COM03;EE05,EE08,EE10;DA02b;HT01i;EVA01b,EVA01d,EVA01f,EVA02c;DEa02;DEb01;APRa,APRb
3/9/202407:52:23;ISI;A;ALGORITMO Y ESTRUCTURA DE DATOS;CAP01a;COM01,COM03,COM04;EE01,EE04;DA01a;HT01a,HT01e,HT01i;EVA01a,EVA01b,EVA02b;DEa01;DEb01,DEb06;APRa,APRb
3/9/202407:52:27;ISI;A;ALGORITMO Y ESTRUCTURA DE DATOS;CAP01b;COM01,COM02,COM03,COM04;EE01,EE04,EE05,EE06;DA01a;HT01a,HT01b,HT01f,HT01i,HT01l;EVA01a,EVA01c,EVA01d,EVA01f,EVA02c;DEa02;DEb01;APRb,APRc,APRf
3/9/202407:52:31;ISI;A;ANÁLISIS MATEMÁTICO;CAP03;COM01;EE05,EE08;DA01c;HT01i;EVA01a,EVA02a;DEa02;DEb03;APRa,APRb,APRc
3/9/202407:52:33;ISI;A;ANÁLISIS MATEMÁTICO;CAP01a;COM05;EE10;DA02a;HT02;EVA01b,EVA01d,EVA01f,EVA02c;DEa01;DEb01,DEb03,DEb04,DEb06;APRa,APRb
3/9/202407:52:44;ISI;A;ANÁLISIS MATEMÁTICO;CAP02d;COM01,COM02,COM03,COM05;EE04,EE10;DA02a;HT01i;EVA01b,EVA01c,EVA01d,EVA01f,EVA01h,EVA02c;DEa03;;APRb,APRd
3/9/202407:52:45;ISI;A;ANÁLISIS MATEMÁTICO;CAP01a;COM01,COM02,COM03;EE03,EE04,EE05,EE10;DA01a;HT01e;EVA01a,EVA01b,EVA01c,EVA01d,EVA01f,EVA02c;DEa01;DEb01,DEb04;APRa,APRb
3/9/202407:52:47;ISI;A;ALGORITMO Y ESTRUCTURA DE DATOS;CAP01b;COM02,COM06;EE03,EE10;DA02b;HT01a,HT01i,HT01k;EVA01b,EVA02b;DEa01;DEb01;APRf
3/9/202407:52:47;ISI;A1;ALGORITMO Y ESTRUCTURA DE DATOS;CAP01b;COM01,COM03,COM04;EE04,EE06,EE08;DA03,;HT01a,HT01b,HT01i;EVA01c,EVA01d,EVA02c;DEa03;;APRb,APRc,APRe,APRf
3/9/202407:52:52;ISI;A;ANÁLISIS MATEMÁTICO;CAP02a;COM01;EE10;DA02b;HT02;EVA01a,EVA01c,EVA01d,EVA01f,EVA02c;DEa03;;APRb
3/9/202407:52:53;ISI;A;ANÁLISIS MATEMÁTICO;CAP02a;COM01;EE08,EE10;DA03,;HT01i;EVA01b,EVA02b;DEa03;;APRd
3/9/202407:52:55;ISI;A;ALGORITMO Y ESTRUCTURA DE DATOS;CAP02a;COM01,COM02,COM03,COM04,COM05;EE01,EE02,EE03,EE04;DA03,;HT01a,HT01e,HT01f,HT01i;EVA01a,EVA01c,EVA01d,EVA02b;DEa03;;APRb,APRc,APRd
3/9/202407:52:57;ISI;1;ALGORITMO Y ESTRUCTURA DE DATOS;CAP01c;COM01;EE04;DA02a;HT01b;EVA01a,EVA01c,EVA02c;DEa02;DEb01,DEb02,DEb03;APRa,APRb,APRc,APRd,APRe,APRf
3/9/202407:53:01;ISI;A;ALGORITMO Y ESTRUCTURA DE DATOS;CAP02a;COM01,COM02,COM03,COM04;EE04,EE06,EE08,EE09,EE10;DA02b;HT01a,HT01b,HT01i,HT01k;EVA01a,EVA01b,EVA01c,EVA01d,EVA01f,EVA02c;DEa02;DEb01,DEb02,DEb03,DEb05;APRc,APRe,APRf
3/9/202407:53:02;ISI;A;ALGORITMO Y ESTRUCTURA DE DATOS;CAP01b;COM01,COM02,COM03,COM04;EE01,EE02,EE04,EE05,EE06,EE08,EE10;DA02b;HT01a,HT01b,HT01e,HT01i,HT01k,HT01l;EVA01a,EVA01c,EVA01d,EVA02b;DEa02;DEb02,DEb04;APRb,APRc,APRf
3/9/202407:53:02;ISI;ISIA;ANÁLISIS MATEMÁTICO;CAP01a;COM01,COM05;EE08,EE10;DA02a;HT01a,HT01i;EVA01b,EVA01d,EVA01f,EVA02c;DEa02;DEb01,DEb02,DEb03,DEb04,DEb05;APRa,APRb
3/9/202407:53:10;ISI;k11;ANÁLISIS MATEMÁTICO;CAP01c;COM01,COM03;EE10;DA01a;HT02;EVA01a,EVA01c,EVA02c;DEa02;DEb01,DEb06;APRb
3/9/202407:53:11;ISI;A;ALGORITMO Y ESTRUCTURA DE DATOS;CAP01a;COM08;EE03;DA03,;HT01a,HT01b,HT01e,HT01f,HT01i,HT01k;EVA01a,EVA01b,EVA01c,EVA01d,EVA02c;DEa03;;APRa,APRb,APRc,APRd,APRe,APRf
3/9/202407:53:15;ISI;A;ALGORITMO Y ESTRUCTURA DE DATOS;CAP02b;COM01,COM03,COM04;EE01,EE06,EE08,EE10;DA02b;HT01a,HT01b,HT01e,HT01i,HT01k,HT01l;EVA01c,EVA01d,EVA01f,EVA02b;DEa03;;APRb,APRc,APRd
3/9/202407:53:22;ISI;A;ANÁLISIS MATEMÁTICO;CAP01a;COM01;EE05,EE08,EE10;DA03,;Eltelevisor;EVA01a,EVA01b,EVA02a;DEa02;DEb04;APRa,APRb,APRc
3/9/202407:53:23;ISI;A;ANÁLISIS MATEMÁTICO;CAP01a;COM08;EE08,EE10;DA01b;HT01a;EVA01a,EVA01b,EVA01c,EVA01d,EVA02a;DEa01;DEb01,DEb05;APRa,APRb,APRc,APRd,APRe
3/9/202407:53:33;ISI;1;ALGORITMO Y ESTRUCTURA DE DATOS;CAP02a;COM03,COM06;EE01,EE02,EE04,Trabajoenequipoogrupal;DA02b;HT01b,HT01g,HT01i,HT01l;EVA01a,EVA01b,EVA02b;DEa02;DEb01,DEb03;APRf
3/9/202407:53:37;ISI;A;FÍSICA I;CAP01a;COM03,COM06,COM07;EE01,EE07,EE09;DA01a;HT01a,HT01e,HT01i;EVA01b,EVA01d,EVA01f,EVA01h,EVA02c;DEa01;DEb01,DEb06;APRa,APRc,APRf
3/9/202407:53:39;ISI;A;ALGORITMO Y ESTRUCTURA DE DATOS;CAP03;COM08;EE03,EE08;DA03,;HT01i;EVA01a,EVA01c,EVA02b;DEa02;DEb01;APRd,APRe
3/9/202407:53:42;ISI;A;ALGORITMO Y ESTRUCTURA DE DATOS;CAP01b;COM01,COM03,COM04;EE01,EE02,EE06,EE08;DA03,;HT01a,HT01b,HT01f,HT01i;EVA01c,EVA01d,EVA01f,EVA02c;DEa02;DEb01;APRb,APRf
3/9/202407:53:44;ISI;isiak11;ALGORITMO Y ESTRUCTURA DE DATOS;CAP02b;COM01;EE06,EE10;DA03,;HT01b,HT01i,HT01k;EVA01a,EVA01b,EVA01c,EVA02b;DEa03;;APRb,APRf
3/9/202407:53:46;ISI;1A;ALGORITMO Y ESTRUCTURA DE DATOS;CAP01a;COM01,COM03,COM04;EE03,EE05,EE10;DA01a;HT01a,HT01b,HT01i,HT01k;EVA01a,EVA01c,EVA01d,EVA01f,EVA02c;DEa01;DEb01;APRb,APRd,APRe
3/9/202407:53:58;ISI;A;ALGORITMO Y ESTRUCTURA DE DATOS;CAP02b;COM01,COM03;EE01,EE04,EE10;DA03,;HT01a,HT01b,HT01i,HT01k;EVA01b,EVA01d,EVA02c;DEa03;;APRb,APRc
3/9/202407:54:04;ISI;A;ALGORITMO Y ESTRUCTURA DE DATOS;CAP03;COM08;EE08;DA03,;HT01b,HT01i,HT01k;EVA01b,EVA01c,EVA02b;DEa03;;APRb,APRc,APRd
3/9/202407:54:07;ISI;A;ALGORITMO Y ESTRUCTURA DE DATOS;CAP02a;COM01,COM02,COM04;EE05,EE06,EE08;DA03,;HT01a,HT01i;EVA01d,EVA02c;DEa03;;APRe,APRf
3/9/202407:54:08;ISI;A;ALGORITMO Y ESTRUCTURA DE DATOS;CAP01a;COM08;EE04,EE08;DA03,;HT01a,HT01b,HT01i;EVA01a,EVA01c,EVA01d,EVA01f,EVA02b;DEa02;DEb01;APRb
3/9/202407:54:18;ISI;1k1A;ALGORITMO Y ESTRUCTURA DE DATOS;CAP02b;COM03;EE01,EE02,EE06,EE09;DA02b;HT01b;EVA01b,EVA01d,EVA02c;DEa03;;APRa,APRc
3/9/202407:54:21;ISI;A;ALGORITMO Y ESTRUCTURA DE DATOS;CAP02b;COM01;EE03,EE04,EE06;DA02b;HT01a,HT01f,HT01i;EVA01a,EVA01c,EVA02c;DEa02;DEb01;APRb,APRc,APRe
3/9/202407:54:22;ISI;A;ALGORITMO Y ESTRUCTURA DE DATOS;CAP01b;COM01,COM06,COM07;EE01,EE04,EE09,EE10;DA02b;HT01a,HT01b,HT01i;EVA01c,EVA01d,EVA01f,EVA01h,EVA02b;DEa02;DEb01;APRc,APRf,
3/9/202407:54:26;ISI;ISIAK11;ALGORITMO Y ESTRUCTURA DE DATOS;CAP02a;COM01,COM02,COM03,COM05;EE03,EE08,EE10;DA02b;HT01a,HT01b,HT01f,HT01i;EVA01b,EVA01c,EVA01d,EVA02b;DEa02;DEb03,DEb04;APRb,APRc,APRd
3/9/202407:54:29;IQ;A;QUÍMICA;CAP02d;COM01,COM02,COM03,COM04,COM05,COM06;EE02,EE03,EE04,EE06,EE09;DA02a;HT01a;EVA01b,EVA02c;DEa03;;APRc,APRd,APRf
3/9/202407:54:38;ISI;11:00 a. m.;ALGORITMO Y ESTRUCTURA DE DATOS;CAP01a;COM01,COM02,COM03,COM04,COM06;EE01,EE02,EE03,EE05,EE06,EE07,EE10;DA02b;HT01a,HT01b,HT01e,HT01i,HT01k,HT01l;EVA01a,EVA01c,EVA01d,EVA01f,EVA02c;DEa01;DEb01,DEb02,DEb05;APRc,APRd,APRf
3/9/202407:54:43;ISI;A;ALGORITMO Y ESTRUCTURA DE DATOS;CAP01a;COM01,COM02,COM03,COM04,COM05;EE01,EE02,EE04,EE06,EE07,EE10;DA01a;HT01a,HT01i,HT01k;EVA01b,EVA01d,EVA01f,EVA02c;DEa01;DEb01,DEb03,DEb04,DEb06;APRa,APRb,APRc,APRe
3/9/202407:54:47;ISI;AK11;ANÁLISIS MATEMÁTICO;CAP01a;COM01,COM02,COM03;EE10;DA01a;HT02;EVA01a,EVA01c,EVA02c;DEa01;DEb01;APRb
3/9/202407:54:48;ISI;A;ALGORITMO Y ESTRUCTURA DE DATOS;CAP02a;COM01,COM03,COM04;EE02,EE05,EE08;DA03,;HT01b,HT01i;EVA01a,EVA01c,EVA02a;DEa03;;APRa,APRb
3/9/202407:54:49;IQ;IQA;QUÍMICA;CAP01b;COM01,COM04,COM06;EE06,EE08,EE09,EE10;DA02b;HT01a;EVA01b,EVA01d,EVA02c;DEa03;;APRb
3/9/202407:54:58;IQ;A;QUÍMICA;CAP02a;COM01,COM03,COM04,COM06;EE02,EE06,EE08;DA01b;HT01a,HT01b;EVA01b,EVA01d,EVA01e,EVA01f,EVA01h,EVA02c;DEa03;;APRa,APRb
3/9/202407:55:00;ISI;A;ANÁLISIS MATEMÁTICO;CAP01b;COM01,COM02;EE03,EE04,EE05;DA01a;HT01a,HT01i;EVA01a,EVA01c,EVA01f,EVA02a;DEa01;DEb01;APRa,APRe
3/9/202407:55:02;ISI;A;ALGORITMO Y ESTRUCTURA DE DATOS;CAP02b;COM03,COM04;EE05,EE06;DA03,;HT01b,HT01e,HT01i;EVA01b,EVA01d,EVA02b;DEa03;;APRa,APRb,APRc,APRf
3/9/202407:55:05;ISI;ISIA;ALGORITMO Y ESTRUCTURA DE DATOS;CAP01a;COM01,COM03,COM04,COM05;EE01,EE04,EE05,EE06,EE08,EE09;DA02a;HT01a,HT01b,HT01i;EVA01a,EVA01b,EVA01c,EVA01d,EVA01f,EVA02c;DEa02;DEb01;APRa,APRb,APRc
3/9/202407:55:08;ISI;A;ALGORITMO Y ESTRUCTURA DE DATOS;CAP01c;COM01,COM02,COM04;EE06,EE08;DA03,;HT01a,HT01i,HT01k;EVA01b,EVA01d,EVA02c;DEa03;;APRd
3/9/202407:55:12;ISI;A;ALGORITMO Y ESTRUCTURA DE DATOS;CAP02a;COM01;EE01;DA02a;HT01f;EVA01a,EVA01c,EVA02c;DEa03;;APRb
3/9/202407:55:25;ISI;A;ALGORITMO Y ESTRUCTURA DE DATOS;CAP02a;COM01,COM03;EE05,EE08;DA03,;HT01a,HT01b,HT01i;EVA01b,EVA01d,EVA01f,EVA02b;DEa03;;APRc,APRe
3/9/202407:55:33;IQ;A;QUÍMICA;CAP01a;COM02,COM03,COM05;EE03,EE06,EE09,EE10;DA02b;HT01i;EVA01a,EVA01b,EVA01d,EVA01h,EVA02b;DEa02;DEb01;APRb
3/9/202407:55:38;IQ;A;QUÍMICA;CAP01a;COM01,COM02;EE03,EE08,EE09,EE10;DA01a;HT01f,HT01l;EVA01a,EVA01b,EVA02c;DEa02;DEb01;APRa,APRb
3/9/202407:55:43;IQ;A;QUÍMICA;CAP02c;COM03,COM05;EE05,EE09,EE10;DA02b;HT02;EVA01b,EVA01d,EVA01f,EVA02b;DEa02;DEb01;APRb
3/9/202407:55:46;IQ;A;QUÍMICA;CAP01c;COM04;EE04,EE05,EE06,EE09,EE10;DA02a;HT01i;EVA01b,EVA01d,EVA01f,EVA02c;DEa02;DEb01;APRb
3/9/202407:55:51;IQ;A;QUÍMICA;CAP01a;COM01,COM04,COM06;EE05,EE06,EE09,EE10;DA01a;HT01a;EVA01b,EVA01f,EVA02c;DEa01;DEb01,DEb03,DEb04;APRb
3/9/202407:55:54;IQ;A;QUÍMICA;CAP02a;COM01,COM03;EE04,EE05,EE06,EE09,EE10;DA02a;HT01a,HT01b;EVA01b,EVA01d,EVA01f,EVA02c;DEa01;DEb01;APRa,APRb,APRc,APRe
3/9/202407:55:58;IQ;A;QUÍMICA;CAP01c;COM01,COM03,COM04;EE03,EE05,EE06,EE08,EE09,EE10;DA01a;HT01a;EVA01b,EVA01d,EVA01e,EVA02c;DEa03;;APRa,APRb,APRe
3/9/202407:56:03;ISI;A;ANÁLISIS MATEMÁTICO;CAP01a;COM01,COM02;EE01;DA01a;HT01i;EVA01a,EVA01b,EVA02a;DEa01;DEb02;APRa
3/9/202407:56:07;ISI;1roA;ANÁLISIS MATEMÁTICO;CAP01a;COM06;EE05;DA01b;HT02;EVA01b,EVA02b;DEa02;DEb01;APRb
3/9/202407:56:12;IQ;A;QUÍMICA;CAP01c;COM01,COM03,COM04;EE04,EE08,EE09;DA01a;HT02;EVA01b,EVA01d,EVA01f,EVA02c;DEa02;DEb01;APRd
3/9/202407:56:21;IQ;A;QUÍMICA;CAP02b;COM04;EE08,EE09,EE10;DA03,;HT01a;EVA01b,EVA01d,EVA01f,EVA02c;DEa03;;APRb
3/9/202407:56:24;IQ;A;QUÍMICA;CAP02a;COM01;EE04,EE08,EE09;DA02b;HT01a;EVA01b,EVA02c;DEa03;;APRa,APRb
3/9/202407:56:34;ISI;A;ALGORITMO Y ESTRUCTURA DE DATOS;CAP02b;COM01,COM03,COM04;EE03,EE04,EE08,EE10;DA03,;HT01b,HT01i,HT01k;EVA01b,EVA01d,EVA02c;DEa03;;APRa,APRb,APRc,APRe
3/9/202407:56:37;IQ;A;INTRODUCCIÓN A LA QUÍMICA;CAP01b;COM01,COM02,COM03,COM04,COM05,COM06,COM07;EE01,EE02,EE03,EE04,EE05,EE06,EE07,EE08,EE09,EE10;DA01a;;EVA01b,EVA02c;DEa01;DEb01,DEb02,DEb03;APRa,APRb,APRc,APRd,APRe
3/9/202407:56:43;IQ;A;QUÍMICA;SIEMPRE,Aldictarlostemas;COM01,COM02,COM03,COM04;EE01,EE02,EE04,EE06,EE09;DA02a;HT01b,HT01i,HT01k;EVA01b,EVA02c;DEa02;DEb01;APRb,APRe,APRf
3/9/202407:56:45;IQ;A;INTRODUCCIÓN A LA QUÍMICA;CAP03;COM01,COM02,COM04,COM05,COM06,COM07;EE01;DA01b;HT02;EVA01c,EVA02b;DEa01;DEb06;APRa,APRb
3/9/202407:56:52;IQ;IQA;QUÍMICA;CAP02c;COM04,COM05,COM06;EE03,EE04,EE05,EE06,EE08,EE09,EE10;DA02a;HT01a;EVA01b,EVA01d,EVA01e,EVA01f,EVA02c;DEa03;;APRb,APRc
3/9/202407:57:00;ISI;A;ALGORITMO Y ESTRUCTURA DE DATOS;CAP01a;COM01;EE01;DA01a;HT01i;EVA01a,EVA01b,EVA02a;DEa01;DEb01,DEb02;APRa
3/9/202407:57:11;ISI;A;ALGORITMO Y ESTRUCTURA DE DATOS;SIEMPRE,Alolargodelamateriasiemprelomencionan;COM01,COM02,COM04;EE04,EE06,EE10;DA03,;HT01a,HT01b,HT01a;EVA01c,EVA01d,EVA02b;DEa03;;APRa
3/9/202407:57:22;IQ;A;QUÍMICA;CAP01b;COM01,COM02,COM03,COM04;EE04,EE08,EE09,EE10;DA02a;HT01a,HT01b,HT01f;EVA01a,EVA01b,EVA01f,EVA02b;DEa02;DEb01;APRa,APRb
3/9/202407:57:23;ISI;A;ANÁLISIS MATEMÁTICO;CAP02a;COM04;EE03,EE09;DA01a;HT01a,HT01i;EVA01a,EVA01c,EVA02b;DEa01;DEb02,DEb03;APRa,APRb
3/9/202407:57:26;IQ;A;QUÍMICA;CAP01c;COM01,COM03,COM04,COM05;EE04,EE05,EE06,EE08,EE09,EE10;DA02a;HT01a;EVA01b,EVA01f,EVA02c;DEa02;DEb01,DEb04;APRb,APRc
3/9/202407:57:34;IQ;A;QUÍMICA;CAP01a;COM01;EE04,EE08,EE09,EE10;DA01a;HT02;EVA01b,EVA02c;DEa03;;APRb
3/9/202407:57:39;ISI;1;ANÁLISIS MATEMÁTICO;CAP01b;COM02,COM03,COM06;EE04,EE10;DA01a;HT01a,HT01f,HT01i;EVA01b,EVA01d,EVA01f,EVA02c;DEa01;DEb01,DEb03,DEb04,DEb06;APRa,APRb,APRc,APRe
3/9/202407:57:53;ISI;A;ALGORITMO Y ESTRUCTURA DE DATOS;CAP01a;COM01,COM02,COM03,COM04,COM05,COM07;EE01,EE02,EE03,EE04,EE06,EE08;DA03,;HT01a;EVA01a,EVA01b,EVA01d,EVA01f,EVA02c;DEa03;;APRb
3/9/202407:58:18;IQ;IQA;QUÍMICA;CAP02d;COM01,COM04;EE01,EE04,EE06,EE08,EE09,EE10;DA01a;HT01a;EVA01a,EVA01b,EVA01d,EVA01f,EVA02b;DEa03;;APRa,APRc
3/9/202407:58:18;IQ;IQA;QUÍMICA;CAP01a;COM01,COM02,COM04,COM05;EE03,EE04,EE05,EE06,EE08,EE09,EE10;DA01a;HT01a,HT01i,HT01k;EVA01b,EVA01c,EVA01d,EVA01e,EVA01f,EVA02c;DEa01;DEb01,DEb03,DEb04;APRb,APRc,APRe,APRf
3/9/202407:58:33;ISI;ISIA;ALGORITMO Y ESTRUCTURA DE DATOS;CAP01a;COM01,COM03;EE04,EE06,EE08;DA02a;HT01a,HT01b,HT01i;EVA01b,EVA01d,EVA01f,EVA02c;DEa02;DEb01,DEb03,DEb04,DEb05;APRa,APRb,APRd
3/9/202407:58:42;IQ;A;INTRODUCCIÓN A LA QUÍMICA;CAP03;COM02;EE08;DA03,;HT02;EVA01c,EVA02b;DEa03;;APRa,APRb
3/9/202407:58:55;IQ;A;INTRODUCCIÓN A LA QUÍMICA;CAP01c;COM01,COM02,COM03,COM04,COM05;EE01,EE08,EE10;DA01a;HT01a,Inteligenciaartificial;EVA01b,EVA02c;DEa01;DEb01;APRa,APRb,APRc
3/9/202407:58:58;IQ;1;QUÍMICA;CAP01a;COM01,COM03,COM04,COM06;EE04,Trabajoenequipoogrupal,EE09;DA01a;HT01b,HT01i;EVA01a,EVA01c,EVA02c;DEa02;DEb01,DEb04;APRa,APRb,APRc,APRe
3/9/202407:59:01;IQ;A;QUÍMICA;CAP02b;COM01,COM02,COM03,COM04,COM05,COM06;EE01,EE04,EE09,EE10;DA01a;HT01a;EVA01b,EVA01d,EVA02c;DEa03;;APRa,APRb,APRc,APRf
3/9/202407:59:02;IQ;A;QUÍMICA;CAP02b;COM03,COM04;EE02,EE04,EE06,EE08,EE09,EE10;DA02b;HT01a,HT01i;EVA01a,EVA01b,EVA01d,EVA02c;DEa02;DEb02,DEb03;APRa,APRb
3/9/202407:59:03;IQ;IQA;INTRODUCCIÓN A LA QUÍMICA;CAP01c;COM01,COM03,COM06;EE01,EE08;DA01a;HT01a;EVA01b,EVA01f,EVA02c;DEa01;DEb01;APRb
3/9/202407:59:20;IQ;A;QUÍMICA;CAP01a;COM01,COM03;EE06,EE09,EE10;DA02a;HT01a,HT01k;EVA01b,EVA01d,EVA02b;DEa02;DEb02,DEb03,DEb05;APRb,APRe
3/9/202407:59:30;IQ;A;INTRODUCCIÓN A LA QUÍMICA;CAP02b;COM01,COM02,COM06,COM07;EE01,EE10;DA01a;HT01i;EVA01c,EVA02c;DEa01;DEb01;APRb,APRc
3/9/202407:59:32;IQ;A;INTRODUCCIÓN A LA QUÍMICA;CAP02a;COM01;EE05;DA02a;HT01a;EVA01c,EVA01f,EVA02c;DEa02;DEb01;APRa,APRb,APRd
3/9/202407:59:33;IQ;A;QUÍMICA;CAP01d;COM01,COM03,COM04,COM06;EE08,EE09,EE10;DA01a;HT01a,HT01f,HT01l;EVA01a,EVA01b,EVA01f,EVA01j,EVA02c;DEa02;DEb01;APRb,APRc
3/9/202407:59:35;IQ;A;QUÍMICA;CAP01a;COM03,COM04,COM06;EE03,EE06,EE08,EE09,EE10;DA01b;HT01a,HT01l;EVA01b,EVA01d,EVA01f,EVA02c;DEa02;DEb01,DEb02;APRb,APRf
3/9/202407:59:45;IQ;A;INTRODUCCIÓN A LA QUÍMICA;CAP01a;COM01,COM02,COM03,COM06;EE01,EE08,EE10;DA01a;HT02;EVA01c,EVA02b;DEa01;DEb01;APRb,APRd
3/9/202407:59:52;IQ;A;QUÍMICA;CAP01a;COM01,COM03,COM06;EE04,EE06,EE07,EE09,EE10;DA02b;HT01a,HT01i,HT01k;EVA01b,EVA01d,EVA01e,EVA01f,EVA02b;DEa02;DEb02,DEb03,DEb05;APRb,APRc,APRe,APRf
3/9/202408:00:01;IQ;A;QUÍMICA;CAP01c;COM03,COM04,COM05,COM06;EE01,EE02,EE04,EE05,EE06,EE09,EE10;DA02a;HT01a,HT01b,HT01i;EVA01a,EVA01b,EVA01d,EVA01f,EVA01j,EVA02b;DEa03;;APRb,APRf
3/9/202408:00:01;IQ;A;QUÍMICA;CAP02c;COM01,COM03,COM04,COM06;EE01,EE04,EE05,EE09,EE10;DA01a;HT01a;EVA01a,EVA01b,EVA01d,EVA02c;DEa03;;APRb,APRc,APRf
3/9/202408:00:13;IQ;A;INTRODUCCIÓN A LA QUÍMICA;CAP02b;COM01,COM03;EE05,EE10;DA01a;Guíasonline;EVA01b,EVA01c,EVA02b;DEa02;DEb02;APRb
3/9/202408:00:42;IQ;A;INTRODUCCIÓN A LA QUÍMICA;CAP02b;COM01;EE01,EE06;DA03,;HT02;EVA01b,EVA02b;DEa03;;APRb
3/9/202408:00:42;IQ;A;INTRODUCCIÓN A LA QUÍMICA;CAP01a;COM01,COM02,COM03,COM04,COM06,COM07;EE01,EE02,EE03,EE05;DA01a;HT02;EVA01c,EVA02b;DEa01;DEb01;APRa,APRb,APRe
3/9/202408:00:56;IQ;A;INTRODUCCIÓN A LA QUÍMICA;CAP02a;COM01;EE01,EE08;DA03,;HT02;EVA01b,EVA02b;DEa02;DEb01;APRb,APRc
3/9/202408:00:59;IQ;IQA;INTRODUCCIÓN A LA QUÍMICA;CAP01a;COM01,COM02,COM03,COM04,COM06,COM07;EE01,EE04,EE05,EE06,EE10;DA01a;HT01a,HT01e,HT01i;EVA01c,EVA01f,EVA02b;DEa01;DEb01;APRb,APRc
3/9/202408:01:02;IQ;A;INTRODUCCIÓN A LA QUÍMICA;CAP01a;COM02,COM05,COM07;EE01;DA02b;HT02;EVA01c,EVA02b;DEa03;;APRb
3/9/202408:01:15;IQ;A;QUÍMICA;CAP01c;COM01,COM04,COM06;EE04,EE06,EE09,EE10;DA01b;HT01a,HT01i;EVA01b,EVA01d,EVA01j,EVA02b;DEa02;DEb01,DEb05;APRc
3/9/202408:02:00;IQ;A;INTRODUCCIÓN A LA QUÍMICA;CAP03;COM01,COM02;EE01;DA02b;HT01a;EVA01a,EVA01b,EVA02b;DEa02;DEb01;APRa,APRb
3/9/202408:02:07;IQ;A;INTRODUCCIÓN A LA QUÍMICA;CAP01a;COM01,COM06;EE08,EE10;DA01a;HT02;EVA01c,EVA02c;DEa02;DEb01;APRb
3/9/202408:02:35;IQ;Ao1;INTRODUCCIÓN A LA QUÍMICA;CAP01b;COM01,COM03;EE01,EE05,EE10;DA01a;HT02;EVA01c,EVA01d,EVA01f,EVA02b;DEa01;DEb02,DEb03,DEb05;APRa,APRc
3/9/202408:02:52;IQ;1;INTRODUCCIÓN A LA QUÍMICA;CAP02c;COM01,COM06,Actuarconespírituemprendedor;EE01,EE10;DA02a;HT02;EVA01b,EVA01c,EVA02c;DEa02;DEb01;APRb,APRd
3/9/202408:02:53;IQ;IQA;INTRODUCCIÓN A LA QUÍMICA;CAP02a;COM01,COM03,COM07;EE01,EE08,EE10;DA02a;HT02;EVA01b,EVA01f,EVA02b;DEa01;DEb01,DEb04;APRc
3/9/202408:03:00;IQ;A;INTRODUCCIÓN A LA QUÍMICA;CAP01a;COM01,COM06;EE08,EE10;DA02a;HT02;EVA01c,EVA02b;DEa02;DEb01;APRc
3/9/202408:03:29;IQ;A;INTRODUCCIÓN A LA QUÍMICA;CAP01a;COM01,COM03,COM05,COM06;EE01,EE03,EE06,EE10;DA01a;HT01a;EVA01b,EVA02c;DEa01;DEb01,DEb02,DEb04;APRa,APRb,APRe
3/9/202408:03:38;IQ;A;INTRODUCCIÓN A LA QUÍMICA;CAP01a;COM01,COM03,COM04;EE10;DA01b;HT01i;EVA01c,EVA02b;DEa02;DEb01,DEb02;APRb,APRf
3/9/202408:03:44;IQ;IQA;INTRODUCCIÓN A LA QUÍMICA;CAP01b;COM01,COM02,COM03,COM04,COM06;EE01,EE03,EE06,EE10;DA01a;HT02;EVA01c,EVA01d,EVA01f,EVA02b;DEa01;DEb01,DEb04;APRa,APRb,APRc,APRe,APRf
3/9/202408:03:50;ISI;1;ALGORITMO Y ESTRUCTURA DE DATOS;CAP01a;COM01,COM02,COM03,COM05,COM06;EE01,EE02,EE04,Trabajoenequipoogrupal,EE09,EE10;DA01a;HT01a,HT01i;EVA01b,EVA01d,EVA01f,EVA02c;DEa01;DEb01;APRa,APRb,APRc,APRe
3/9/202408:04:05;IQ;A;QUÍMICA;CAP01d;COM01,COM02,COM03;EE01,EE02,EE04,EE09,EE10;DA01a;HT01a;EVA01a,EVA01c,EVA01f,EVA02c;DEa01;DEb03,DEb04;APRa,APRb,APRe
3/9/202408:04:11;IQ;A;INTRODUCCIÓN A LA QUÍMICA;CAP02b;COM01,COM02;EE01;DA02a;HT02;EVA01b,EVA02b;DEa02;DEb01;APRc
3/9/202408:04:16;IQ;A;INTRODUCCIÓN A LA QUÍMICA;CAP01a;COM01,COM02,COM03,COM06,COM07;EE01,EE02,EE10;DA02b;HT01a,HT01g;EVA01b,EVA02c;DEa02;DEb01,DEb03;APRa,APRb,APRc
3/9/202408:04:20;IQ;A;INTRODUCCIÓN A LA QUÍMICA;CAP01c;COM01,COM02;EE01;DA01a;HT02;EVA01b,EVA02c;DEa02;DEb01;APRa,APRb,APRc
3/9/202408:04:52;IQ;A;QUÍMICA;CAP02a;COM01,COM03,COM04;EE05,EE06,EE09,EE10;DA01a;HT01a;EVA01b,EVA01e,EVA02c;DEa02;DEb01,DEb02,DEb03;APRb,APRd
3/9/202408:05:28;IQ;A;INTRODUCCIÓN A LA QUÍMICA;CAP02c;COM02,COM04,COM06;EE01,EE05;DA01a;HT02;EVA01b,EVA01c,EVA01f,EVA02b;DEa01;DEb02,DEb04;APRb,APRc,APRe
3/9/202408:05:49;IQ;A;INTRODUCCIÓN A LA QUÍMICA;CAP01a;COM01,COM03,COM06,COM07;EE01,EE03,EE08,EE10;DA02a;HT01a,HT01b;EVA01b,EVA01d,EVA01f,EVA02c;DEa02;DEb01,DEb06;APRa,APRc,APRe
3/9/202408:06:11;IQ;A;INTRODUCCIÓN A LA QUÍMICA;CAP01a;COM01,COM03,COM06,COM07;EE01,EE08,EE10;DA02a;HT01a,Inteligenciasartificiales;EVA01c,EVA02b;DEa02;DEb02,DEb06;APRc,APRe
3/9/202408:07:49;IQ;A;INTRODUCCIÓN A LA QUÍMICA;CAP03;COM01;EE08,EE10;DA03,;HT02;EVA01c,EVA02b;DEa03;;APRd
3/9/202408:09:18;IQ;1;QUÍMICA;CAP01d;COM01,COM02,COM03,COM04,Actuarconespírituemprendedor;EE01,EE04,Trabajoenequipoogrupal,EE08,EE09,EE10;DA01a;HT01a;EVA01b,EVA01f,EVA02c;DEa01;DEb02;APRb,APRc
3/9/202408:09:25;IQ;A;INTRODUCCIÓN A LA QUÍMICA;CAP01c;COM01,COM03,COM06,COM07;EE10;DA02a;HT01a,HT01k;EVA01c,EVA01d,EVA01f,EVA02b;DEa01;DEb02,DEb04;APRa
3/9/202408:25:10;IQ;1;QUÍMICA;CAP01a;COM01,COM02,COM03;EE05,EE08,EE09,EE10;DA02b;HT02;EVA01b,EVA01d,EVA02b;DEa02;DEb04;APRa,APRb,APRf
3/9/202408:26:12;IQ;A;INGENIERÍA Y SOCIEDAD;CAP01b;COM01,COM02,COM03,COM04;EE02,EE05,EE06;DA02a;HT01e,Autocad;EVA01b,EVA01f,EVA02b;DEa02;DEb02,DEb03,DEb05;APRb,APRc,APRe
3/9/202408:30:20;IQ;A;QUÍMICA;CAP01c;COM01,COM04;EE04,EE05,EE06,EE09,EE10;DA01a;HT01a;EVA01a,EVA01b,EVA01c,EVA01d,EVA02b;DEa02;DEb01;APRe
3/9/202408:32:51;ISI;AK11;ALGORITMO Y ESTRUCTURA DE DATOS;CAP01c;COM01,COM02,COM03,COM04,COM05,COM06,COM07;EE01,EE02,EE04,EE06,EE07,EE10;DA01a;HT01a,HT01b,HT01e;EVA01a,EVA01c,EVA01d,EVA02c;DEa01;DEb01;APRb,APRc,APRf
3/9/202408:33:34;IQ;IQB;SISTEMA DE REPRESENTACIÓN;CAP01c;COM03;EE05;DA02a;HT01a,HT01i;EVA01b,EVA02c;DEa02;DEb01;APRb,APRe,APRf
3/9/202408:38:26;IQ;1;QUÍMICA;CAP01b;COM01,COM05,COM06;EE04,Trabajoenequipoogrupal,EE09,EE10;DA01a;HT01a,HT01f,HT01i;EVA01b,EVA01d,EVA01f,EVA01h,EVA02c;DEa02;DEb01;APRb,APRc
6/9/202415:56:13;IEM;X11;FÍSICA I;SIEMPRE,entodoslosmencionados;COM01,COM03;EE01,EE07,EE09,EE10;DA02b;HT01b,HT01e;EVA01b,EVA01d,EVA01j,EVA02c;DEa02;DEb01;APRa,APRb,APRc,APRd
6/9/202415:56:15;IEM;1,1;FÍSICA I;CAP01d;COM01,COM02,COM04,COM06;EE01,Trabajoenequipoogrupal,EE08,EE09;DA03,;HT02;EVA01b,EVA01d,EVA01g,EVA01j,EVA02c;DEa01;DEb01,DEb03;APRa,APRc,APRe
6/9/202415:56:16;IEM;Iemx11;FÍSICA I;CAP01a;COM01,COM02,COM03,COM05;EE01,EE02,EE05,EE09;DA01a;HT01a,HT01b;EVA01a,EVA01b,EVA01f,EVA02c;DEa01;DEb01,DEb06;APRb,APRc
6/9/202415:56:19;IEM;B;FÍSICA I;CAP01b;COM01;EE01,EE10;DA01a;HT01b,HT01k;EVA01b,EVA02c;DEa02;DEb01;APRb,APRe
6/9/202415:56:21;IEM;A;FÍSICA I;CAP02a;COM01;EE03;DA02b;HT02;EVA01a,EVA02c;DEa03;;APRa,APRb,APRc
6/9/202415:56:24;IEM;X11;FÍSICA I;CAP01b;COM01,COM02,COM03,COM05;EE01,EE05,EE09;DA02a;HT02;EVA01a,EVA01d,EVA01j,EVA02b;DEa01;DEb01;APRa,APRb,APRe
6/9/202415:56:33;IEM;1;FÍSICA I;CAP02c;COM01,COM02,COM03,COM05,COM06;EE01,EE08,EE09,EE10;DA02b;HT01b;EVA01b,EVA01d,EVA01f,EVA02c;DEa02;DEb01;APRa,APRb
4/9/202413:53:02;ISI;D;ÁLGEBRA Y GEOMETRÍA ANALÍTICA;CAP02c;COM01,COM05;EE08,EE10;DA02b;HT01a;EVA01b,EVA01j,EVA02c;DEa02;DEb01;APRa,APRb,APRc,APRe
6/9/202415:56:37;IEM;X11;FÍSICA I;CAP02a;COM03;EE08,EE09;DA01c;HT01b,HT01k;EVA01b,EVA02c;DEa03;;APRb
5/9/202400:18:03;ISI;k11;ALGORITMO Y ESTRUCTURA DE DATOS;CAP01b;COM03,COM04,COM06;EE04,EE06,EE10;DA02a;HT01a,HT01b,HT01i;EVA01a,EVA01b,EVA01d,EVA01f,EVA02c;DEa02;DEb06;APRa,APRb
6/9/202415:56:59;IEM;A;FÍSICA I;CAP03;COM01;EE06;DA01a;HT01b;EVA01d,EVA02c;DEa01;DEb02;APRd
6/9/202415:57:06;IEM;1;FÍSICA I;CAP01c;COM01,COM03;EE01,EE05,EE10;DA01b;HT01b;EVA01b,EVA01g,EVA01j,EVA02c;DEa02;DEb01,DEb04;APRa
6/9/202415:57:18;IEM;X11;FÍSICA I;CAP01d;COM01,COM03;EE01,EE05,EE09,EE10;DA02b;HT02;EVA01b,EVA01f,EVA01j,EVA02c;DEa02;DEb02,DEb03;APRa,APRb,APRc
6/9/202415:57:19;IEM;1,1;FÍSICA I;CAP02b;COM01,COM02,COM03;EE01,EE02,EE03,Trabajoenequipoogrupal,EE07,EE09;DA02b;HT01b,HT01f;EVA01b,EVA01f,EVA01j,EVA02c;DEa02;DEb01,DEb06;APRb,APRc,APRe,APRf
6/9/202415:57:19;IEM;A;FÍSICA I;CAP01b;COM01,COM03,COM05;EE01,EE02,EE03,EE09,EE10;DA03,;HT02;EVA01b,EVA01h,EVA02c;DEa01;DEb01;APRa,APRb,APRc
6/9/202415:57:30;IEM;1;FÍSICA I;CAP02a;COM01,COM03;EE08,EE09,EE10;DA03,;HT02;EVA01c,EVA01d,EVA01f,EVA01j,EVA02c;DEa02;DEb01,DEb05;APRa,APRc,APRe
6/9/202415:57:36;IEM;1;FÍSICA I;CAP02b;COM01,COM04;EE03,EE08,EE10;DA03,;HT02;EVA01a,EVA01b,EVA01j,EVA02c;DEa03;;APRb,APRc,APRe,APRf
6/9/202415:58:08;IEM;1,1;FÍSICA I;CAP02a;COM01,COM02,COM06;EE09,EE10;DA03,;HT01b;EVA01b,EVA01d,EVA02c;DEa02;DEb01;Yendoalasclasesdeguille
6/9/202415:58:17;IEM;X11;FÍSICA I;CAP02b;COM01,COM03,Perseveranciaantedificultadesinsuperables;EE09,EE10;DA02b;HT01b;EVA01b,EVA01f,EVA01j,EVA02c;DEa02;DEb01,DEb06;APRb,APRd
6/9/202415:58:43;IEM;A;FÍSICA I;AVECES,Alproponerunproblemarealdelavida;COM01;EE01;DA01a;HT01b;EVA01b,EVA01d,EVA02b;DEa01;DEb03,DEb06;APRb,APRc
5/9/202414:43:50;IEM;A;ELECTROMECÁNICA I;CAP01a;COM01,COM02;EE02,EE06;DA02a;HT01a;EVA01e,EVA02a;DEa01;DEb01,DEb02;APRa,APRb
5/9/202414:45:08;IEM;IEMA;ELECTROMECÁNICA I;CAP01a;COM01,COM02,COM04,COM05,COM06,COM07;EE01,EE02,EE03;DA01a;HT01a;EVA01e,EVA02c;DEa01;DEb01;APRa
5/9/202414:45:22;IEM;A;ELECTROMECÁNICA I;CAP03;COM08;EE02;DA03,;HT01a;EVA01d,EVA01e,EVA01f,EVA02c;DEa03;;APRa,APRb,APRd,APRe,APRf
5/9/202414:45:27;IEM;1;ELECTROMECÁNICA I;CAP01c;COM02;EE01;DA01a;HT01a,HT01e,HT01i;EVA01e,EVA01f,EVA02c;DEa01;DEb01,DEb03,DEb05;APRb,APRc,APRe
5/9/202414:45:33;IEM;11:00 a. m.;ELECTROMECÁNICA I;CAP01b;COM01,COM02,COM03,COM04,COM05;EE01,EE02,EE03,EE06;DA02a;HT01a,HT01e;EVA01d,EVA01e,EVA01j,EVA02c;DEa01;DEb01;APRa,APRc
5/9/202414:45:50;IEM;A;ELECTROMECÁNICA I;CAP01b;COM01,COM02,COM03,COM05;EE01,EE02,EE03;DA01a;HT01a;EVA01e,EVA02c;DEa01;DEb01,DEb02,DEb04;APRa,APRb,APRc
5/9/202414:46:08;IEM;A;ELECTROMECÁNICA I;CAP01d;COM01,COM02,COM03,COM04,COM05,COM06,COM07;EE01,EE02,EE03,EE04,EE05,EE06,EE09;DA03,;HT01a,Instrumentosdemedicion;EVA01e,EVA01f,EVA02c;DEa03;;APRd
5/9/202414:46:17;IEM;A;ELECTROMECÁNICA I;CAP01c;COM01,COM02;EE03,EE06;DA02a;HT01a,HT01i;EVA01e,EVA02c;DEa03;;APRb,APRc
5/9/202414:46:20;IEM;A;ELECTROMECÁNICA I;CAP02d;COM01,COM02,COM03,COM04;EE01,EE02,EE03,EE06;DA02b;HT01i,powerpoint,fotosdeltrabajoingenieril;EVA01e,EVA01f,EVA02b;DEa02;DEb01,DEb02,DEb04,DEb05,DEb06;APRa,APRb,APRc,APRe,APRf
5/9/202414:46:21;IEM;1;ELECTROMECÁNICA I;CAP01d;COM02;EE09;DA02a;HT01a,HT01b;EVA01b,EVA02c;DEa01;DEb01;APRb
5/9/202414:46:24;IEM;A;FÍSICA I;CAP02a;COM01,COM02;EE01;DA01b;HT02;EVA01b,EVA02c;DEa02;DEb04;APRc
5/9/202414:46:27;IEM;A;ELECTROMECÁNICA I;CAP01a;COM01,COM02,COM03,COM04,COM06,COM07;EE02,EE03,EE06,EE09;DA01a;HT01a;EVA01e,EVA02a;DEa01;DEb01,DEb02,DEb04;APRa,APRd
5/9/202414:46:46;IEM;A;FÍSICA I;CAP01a;COM01,COM03,COM05;EE01,EE06,EE09,EE10;DA01a;HT01b,HT01k;EVA01b,EVA01d,EVA01f,EVA01j,EVA02c;DEa01;DEb01;APRa
5/9/202414:46:50;IEM;IEM-A;ELECTROMECÁNICA I;CAP01c;COM01,COM02,COM04,COM05,COM07;EE01,EE02,EE03,EE05,EE06;DA01a;HT01a;EVA01e,EVA01f,EVA02c;DEa01;DEb01,DEb02,DEb04,DEb05;APRc,APRd,APRe,APRf
5/9/202414:46:51;IEM;A;ELECTROMECÁNICA I;CAP01c;COM01,COM02,COM03,COM04,COM05,COM07;EE01,EE02,EE03,EE06,EE07;DA02a;HT01a,HT01i;EVA01e,EVA02c;DEa01;DEb01;APRa,APRc,APRd,APRe
5/9/202414:46:51;IEM;A;ELECTROMECÁNICA I;CAP01c;COM01,COM03;EE05,EE08;DA02b;HT01a;EVA01e,EVA01j,EVA02c;DEa02;DEb04;APRa,APRe,APRf
5/9/202414:46:54;IEM;A;ELECTROMECÁNICA I;CAP01c;COM01,COM02,COM03,COM04;EE01,EE02,EE06;DA01a;Herramientasyartefactos;EVA01e,EVA02c;DEa03;;APRb,APRe,APRf
5/9/202414:47:11;IEM;A;ELECTROMECÁNICA I;CAP02b;COM01,COM02,COM03,COM04,COM05,COM06,COM07;EE02,EE03,EE04,EE06;DA01b;HT01i;EVA01d,EVA01e,EVA02c;DEa01;DEb01,DEb04;APRa,APRc,APRe
5/9/202414:47:13;IEM;A;ELECTROMECÁNICA I;CAP01a;COM01,COM02,COM04;EE02,EE03,EE06;DA02a;HT01a;EVA01e,EVA01j,EVA02c;DEa02;DEb01;APRc,APRe,APRf
5/9/202414:47:15;IEM;IemA;ELECTROMECÁNICA I;CAP01b;COM01,COM02,COM03,COM06;EE01,EE02,EE04,EE06;DA01a;HT01i;EVA01e,EVA01j,EVA02c;DEa01;DEb01,DEb06;APRb,APRc
5/9/202414:47:24;IEM;1;ELECTROMECÁNICA I;CAP02a;COM01,COM04;EE02,EE03;DA02a;HT01a,HT01i;EVA01b,EVA01e,EVA02a;DEa01;DEb01;APRa
5/9/202414:47:24;IEM;A;ELECTROMECÁNICA I;CAP01b;COM02,COM03,COM04,COM05;EE02,EE03,EE06;DA02a;HT02;EVA01e,EVA01f,EVA02a;DEa02;DEb01;APRc,APRe
5/9/202414:47:27;IEM;1;ELECTROMECÁNICA I;CAP01b;COM01,COM02,COM03,COM04,COM06;EE01,EE02,EE04,Trabajoenequipoogrupal;DA01a;HT01a,HT01i;EVA01e,EVA01j,EVA02c;DEa02;DEb01;APRa,APRe
5/9/202414:47:27;IEM;A;ELECTROMECÁNICA I;CAP01c;COM01,COM02,COM03,COM04,COM06;EE01,EE02,EE04,EE05,EE06,EE09;DA01a;HT02;EVA01e,EVA01f,EVA02c;DEa01;DEb01;APRb,APRc,APRe
5/9/202414:47:43;IEM;A;ELECTROMECÁNICA I;CAP01c;COM01,COM03;EE02,EE06;DA01a;HT01a,HT01b;EVA01f,EVA02c;DEa02;DEb01;APRb,APRd
5/9/202414:48:02;IEM;A;ELECTROMECÁNICA I;CAP01b;COM01,COM02,COM03,COM04,COM06;EE01,EE02;DA02a;HT01a;EVA01a,EVA01e,EVA02c;DEa01;DEb01,DEb02;APRa,APRb
5/9/202414:48:03;IEM;A;ELECTROMECÁNICA I;CAP03;COM02,COM03;EE02,EE03,EE06;DA03,;HT01a;EVA01e,EVA01j,EVA02c;DEa03;;APRa,APRe
5/9/202414:48:09;IEM;A;ELECTROMECÁNICA I;CAP02c;COM01,COM02,COM03,COM04,COM07;EE02,EE03,EE06,EE10;DA03,;HT01a;EVA01e,EVA01f,EVA02c;DEa02;DEb01;APRa,APRb,APRc
5/9/202414:48:17;IEM;A;FÍSICA I;CAP02a;COM01,COM02,COM03;EE01,EE05,EE07,EE09;DA02b;HT02;EVA01b,EVA01f,EVA02b;DEa02;DEb02;APRb,APRd
5/9/202414:48:32;IEM;1;ELECTROMECÁNICA I;CAP02a;COM01,COM02,COM03;EE01,EE02,EE03,Trabajoenequipoogrupal;DA02b;HT01a;EVA01f,EVA02c;DEa01;DEb01;APRe,APRf
5/9/202414:48:34;IEM;A;ELECTROMECÁNICA I;CAP01b;COM01,COM03;EE02,EE08,EE09;DA01a;HT02;EVA01e,EVA02c;DEa03;;APRc,APRe,APRf
5/9/202414:48:39;IEM;A;ELECTROMECÁNICA I;CAP01a;COM01,COM02,COM06,COM07;EE02,EE06;DA02a;HT01a,;EVA01e,EVA01f,EVA02c;DEa02;DEb01,DEb02;APRa,APRb
5/9/202414:49:03;IEM;A;ELECTROMECÁNICA I;CAP01c;COM05;EE06;DA03,;HT01i;EVA01f,EVA02c;DEa01;DEb01;APRa,APRb
5/9/202414:49:06;IEM;A;ELECTROMECÁNICA I;CAP02c;COM02,COM03,COM04,COM05;EE02,EE05;DA03,;HT01i;EVA01e,EVA01h,EVA02a;DEa01;DEb01;APRa
5/9/202414:49:14;IEM;1;ELECTROMECÁNICA I;CAP02c;COM04,COM05,COM06;EE01,EE07,EE09,EE10;DA03,;HT01a,HT01b,HT01e,HT01g,HT01i,HT01k,HT01l;EVA01a,EVA01b,EVA01c,EVA01d,EVA01e,EVA01f,EVA02c;DEa01;DEb01,DEb03,DEb06;APRa,APRb,APRc,APRd,APRf
5/9/202414:49:16;IEM;1;ELECTROMECÁNICA I;CAP01c;COM03;EE01,EE03,Trabajoenequipoogrupal,EE09;DA03,;HT01i;EVA01e,EVA01h,EVA02c;DEa02;DEb02;APRa,APRc,APRe
5/9/202414:49:47;IEM;1;ELECTROMECÁNICA I;CAP01a;COM01,COM02,COM03,COM05,COM06;EE01,EE02,EE03,Trabajoenequipoogrupal;DA02a;Aparatosfísicos;EVA01e,EVA01f,EVA02c;DEa02;DEb01;APRa,APRb,APRc
5/9/202414:49:55;IEM;B;ELECTROMECÁNICA I;CAP01c;COM01,COM02,COM04,COM05;EE02,EE03,EE04;DA02b;HT01a;EVA01e,EVA01f,EVA02c;DEa03;;APRa,APRe
5/9/202414:50:30;IEM;A;ELECTROMECÁNICA I;CAP01a;COM01,COM02,COM04,COM05,COM07,COM08;EE02,EE03,EE06;DA02a;HT01i;EVA01e,EVA01j,EVA02c;DEa02;DEb01,DEb04,DEb06;APRc,APRd,APRe
5/9/202414:50:37;IEM;1A;FÍSICA I;CAP03;COM08;EE04;DA03,;HT02;EVA01b,EVA02c;DEa03;;APRe
5/9/202414:50:45;IEM;1A;FÍSICA I;CAP03;COM08;EE05;DA03,;HT02;EVA01c,EVA02a;DEa03;;APRb
5/9/202414:50:52;IEM;A;SISTEMA DE REPRESENTACIÓN;SIEMPRE,Lomencionaeneltranscursodelaclase;COM01,COM02,COM05,COM06;EE01,EE02,EE03,EE06;DA01a;HT01a;EVA01d,EVA01f,EVA02c;DEa01;DEb01;APRa,APRc
5/9/202414:51:21;IEM;1;FÍSICA I;CAP01a;COM01,COM03,COM04;EE02,Trabajoenequipoogrupal,EE07,EE09;DA03,;HT01a,HT01b,HT01e,HT01i;EVA01b,EVA01j,EVA02c;DEa02;DEb01,DEb04,DEb06;APRa,APRb,APRe,APRf
5/9/202414:51:38;IEM;COM1A;FÍSICA I;CAP03;COM01,COM03,COM05;EE01;DA02b;HT01b;EVA01a,EVA01b,EVA01h,EVA01j,EVA02c;DEa03;;APRb
5/9/202414:52:23;IEM;1;FÍSICA I;CAP02a;COM01,COM02;EE07;DA02b;HT01b;EVA01b,EVA02c;DEa02;DEb01;APRc
5/9/202414:54:25;IEM;B;ELECTROMECÁNICA I;CAP01c;COM02,COM04,COM05;EE01,EE02,EE04,EE06;DA03,;HT01i;EVA01d,EVA02a;DEa01;DEb01;APRa,APRe
5/9/202414:55:25;IEM;IEM1A;FÍSICA I;CAP02a;COM01,COM03;EE03;DA03,;HT02;EVA01b,EVA01e,EVA02c;DEa03;;APRb,APRd,APRe,APRf
5/9/202414:56:13;IEM;A;ELECTROMECÁNICA I;CAP01a;COM01,COM02,COM03,COM04,COM06;EE02,EE03,EE06,EE09;DA01b;HT01a;EVA01e,EVA01f,EVA02c;DEa01;DEb01;APRa,APRf
5/9/202415:36:33;ISI;3;SISTEMAS Y PROCESOS DE NEGOCIOS;CAP03;COM01,COM05,Actuarconespírituemprendedor;EE09,EE10;DA02b;HT01a,HT01b;EVA01d,EVA02c;DEa03;;APRa,APRb,APRe,APRf
6/9/202415:59:15;IEM;1;FÍSICA I;AVECES,;COM03;EE01,EE08;DA03,;HT02;EVA01b,EVA01f,EVA01j,EVA02c;DEa02;DEb01;APRb,APRc
6/9/202416:00:25;IEM;A;FÍSICA I;CAP02c;COM01,COM05;EE08,EE10;DA03,;HT02;EVA01b,EVA02c;DEa03;;APRc,APRe
5/9/202415:51:22;IEM;1;ELECTROMECÁNICA I;CAP01c;COM01,COM02;EE02,EE03;DA03,;HT01a;EVA01h,EVA02a;DEa02;DEb01;APRa
5/9/202416:43:49;IEM;A;SISTEMA DE REPRESENTACIÓN;CAP01a;COM02;EE08;DA02a;HT01i;EVA01a,EVA01j,EVA02a;DEa03;;APRa
5/9/202416:44:44;IEM;11:00 a. m.;SISTEMA DE REPRESENTACIÓN;CAP01c;COM02,COM03;EE05;DA01a;HT01a,HT01i;EVA01d,EVA01f,EVA02b;DEa02;DEb01;APRa
5/9/202416:45:03;IEM;1;SISTEMA DE REPRESENTACIÓN;CAP02a;COM01;EE01;DA02a;HT01i;EVA01b,EVA02a;DEa01;DEb01;APRa
5/9/202416:45:40;IEM;A;SISTEMA DE REPRESENTACIÓN;CAP02b;COM03,;EE08;DA02b;HT01a;EVA01b,EVA02a;DEa01;DEb01;APRb
5/9/202416:45:52;IEM;A;SISTEMA DE REPRESENTACIÓN;CAP01b;COM02,COM05;EE02,EE03,EE05,EE08;DA03,;HT01i;EVA01d,EVA02a;DEa03;;APRa,APRf
5/9/202416:45:56;IEM;A;FÍSICA I;CAP02c;COM01,COM02,COM03,COM04,COM05,COM06;EE09,EE10;DA02b;HT01b;EVA01b,EVA02c;DEa03;;APRa,APRc,APRe,APRf
5/9/202416:45:58;IEM;1;SISTEMA DE REPRESENTACIÓN;CAP02c;COM02,COM03;EE08;DA03,;HT01a;EVA01b,EVA01d,EVA01j,EVA02b;DEa02;DEb01;APRa,APRb,APRf
5/9/202416:46:02;IEM;A;SISTEMA DE REPRESENTACIÓN;CAP02b;COM02,COM05;EE03;DA02a;HT01i,Autocad;Láminasyactividades,EVA02c;DEa03;;APRc
5/9/202416:46:06;IEM;A;SISTEMA DE REPRESENTACIÓN;CAP01a;COM02,COM03;EE02,EE05;DA03,;HT01a;EVA01d,EVA01f,EVA02c;DEa03;;APRc
5/9/202416:46:11;IEM;A;SISTEMA DE REPRESENTACIÓN;CAP01a;COM02,COM03;EE01,EE02;DA01a;HT01a,HT01f;EVA01d,EVA01f,EVA01j,EVA02a;DEa01;DEb02,DEb03;APRa,APRc,APRf
5/9/202416:46:18;IEM;A;SISTEMA DE REPRESENTACIÓN;CAP01c;COM01,COM03,COM05;EE01,EE02,EE08;DA01a;HT02;EVA01b,EVA01h,EVA02a;DEa03;;APRa
5/9/202416:46:24;IEM;A;SISTEMA DE REPRESENTACIÓN;CAP01a;COM03;EE02;DA01a;HT01g;EVA01b,EVA02a;DEa01;DEb02;APRb
5/9/202416:47:05;IEM;IEM-A;SISTEMA DE REPRESENTACIÓN;CAP01a;COM01,COM02,COM03,COM04;EE01,EE02,EE08;DA01a;HT01a,HT01f,HT01i,HT01k;EVA01c,EVA01d,EVA01j,EVA02c;DEa01;DEb02,DEb05;APRa,APRe,APRf
5/9/202416:47:15;IEM;IemA;SISTEMA DE REPRESENTACIÓN;CAP01a;COM02,COM03;EE01,EE02,EE07;DA02b;HT01a,HT01d,HT01i;EVA01b,EVA01d,EVA01j,EVA02c;DEa02;DEb01;APRa,APRb
5/9/202416:47:35;IEM;A;SISTEMA DE REPRESENTACIÓN;CAP02c;COM03;EE02,EE04,EE05;DA03,;HT01i;EVA01d,EVA01f,EVA02c;DEa02;DEb02,DEb03,DEb05;APRf
5/9/202416:47:49;IEM;1;SISTEMA DE REPRESENTACIÓN;CAP02c;COM02,COM03;EE05;DA01a;HT01a;EVA01b,EVA01d,EVA02a;DEa02;DEb01,DEb02,DEb04;APRc
5/9/202416:48:17;IEM;A;SISTEMA DE REPRESENTACIÓN;CAP02a;COM03;EE02;DA02a;HT01a;EVA01b,EVA01f,EVA02c;DEa01;DEb01,DEb02;APRf
5/9/202416:49:09;IEM;A;SISTEMA DE REPRESENTACIÓN;CAP01c;COM03,COM04,COM05;EE01,EE03,EE05;DA01a;HT01a,HT01i;EVA01d,EVA01f,EVA01j,EVA02b;DEa01;DEb01;APRc,APRe
5/9/202416:49:37;IEM;A;SISTEMA DE REPRESENTACIÓN;CAP01d;COM03,COM05;EE01;DA01a;HT01a;EVA01h,EVA01j,EVA02c;DEa03;;APRa,APRb,APRe,APRf
5/9/202416:50:21;IEM;1A;SISTEMA DE REPRESENTACIÓN;CAP01b;COM01,COM02,COM03,COM05;EE01,EE02,EE06;DA01a;HT01a,HT01i;EVA01a,EVA01c,EVA01f,EVA02c;DEa01;DEb01;APRa,APRc
5/9/202417:03:29;IEM;IEMA;ELECTROMECÁNICA I;CAP01c;COM01,COM02,COM03,COM04,COM05,COM06,COM07;EE01,EE02,EE03,EE06;DA02a;HT01a,HT01i;EVA01b,EVA01e,EVA02c;DEa01;DEb01,DEb04;APRa,APRc,APRe,APRf
5/9/202418:48:12;IEM;1;FÍSICA I;CAP02d;COM01,COM02,COM04;EE01,EE05,Trabajoenequipoogrupal;DA03,;HT01b;EVA01b,EVA01f,EVA01g,EVA01j,EVA02c;DEa02;DEb03,DEb04;APRb,APRe
5/9/202421:48:00;IQ;A;QUÍMICA;CAP01d;COM01,COM03;EE04,EE06,EE08,EE09;DA02c;HT01l;EVA01a,EVA01b,EVA01d,EVA01f,EVA02c;DEa02;DEb01;APRb,APRc,APRf
6/9/202416:00:39;IEM;A;FÍSICA I;CAP01c;COM01,COM02,COM03,COM05,COM06;EE05;DA02b;HT01b;EVA01a,EVA01b,EVA01d,EVA01f,EVA02c;DEa02;DEb01;APRa,APRb,APRe
6/9/202416:03:46;IEM;A1;FÍSICA I;CAP03;COM01,COM02,COM03;EE03;DA03,;HT01b;EVA01b,EVA02a;DEa03;;APRc
6/9/202416:03:46;IEM;X1;FÍSICA I;CAP03;COM01,COM02,COM03;EE03;DA03,;HT01b;EVA01b,EVA02c;DEa03;;APRc
6/9/202415:54:31;IEM;1;INGENIERÍA Y SOCIEDAD;CAP01a;COM01,COM02;EE01;DA01a;HT01a,HT01b;EVA01a,EVA01b,EVA02a;DEa01;DEb01;APRa,APRb
6/9/202415:57:03;IEM;A;INGENIERÍA Y SOCIEDAD;CAP01c;COM01,COM02,COM03,COM04,COM06;EE03,EE06;DA03,;HT01g,HT01i;EVA01a,EVA01b,EVA01c,EVA01d,EVA01e,EVA02c;DEa02;DEb01;APRa,APRb,APRe
6/9/202415:57:16;IEM;A;INGENIERÍA Y SOCIEDAD;CAP01a;COM04,COM06,COM07;EE03,EE04,EE06;DA02c;HT02;EVA01b,EVA01e,EVA02a;DEa03;;APRc
6/9/202415:57:55;IEM;1,1;INGENIERÍA Y SOCIEDAD;CAP02b;COM02,COM04,COM05;EE02,EE04,EE05,EE09;DA01a;HT01a,HT01b,HT01e,HT01i,HT01k,HT01l;EVA01a,EVA01b,EVA01c,EVA01d,EVA01g,EVA01i,EVA01j,EVA02c;DEa01;DEb02,DEb04,DEb05;APRa,APRc,APRf
6/9/202415:57:56;IEM;Iemx11;INGENIERÍA Y SOCIEDAD;CAP03;COM08;EE06;DA03,;HT01i;EVA01a,EVA02a;DEa02;DEb01,DEb02;APRb
6/9/202415:58:03;IEM;1,1;INGENIERÍA Y SOCIEDAD;CAP01b;COM04,COM05,COM06;EE03,EE04,Trabajoenequipoogrupal,EE08;DA01a;HT01a,HT01i;EVA01a,EVA01d,EVA01e,EVA02a;DEa02;DEb01;APRa,APRd,APRe
6/9/202415:58:11;IEM;X11;INGENIERÍA Y SOCIEDAD;CAP02b;COM03,COM04;EE06;DA02b;HT02;EVA01a,EVA01e,EVA02a;DEa03;;APRc
6/9/202415:58:16;IEM;X11;INGENIERÍA Y SOCIEDAD;CAP02a;COM04,COM05,COM06;EE05,EE06,EE09;DA01a;HT01a,HT01g,HT01i;EVA01a,EVA01d,EVA02a;DEa01;DEb01;APRa,APRb
6/9/202415:58:23;IEM;X11;INGENIERÍA Y SOCIEDAD;CAP03;COM08;EE08;DA02b;HT02;EVA01a,EVA01j,EVA02a;DEa03;;APRe
6/9/202415:58:27;IEM;X11;INGENIERÍA Y SOCIEDAD;CAP01c;COM04,COM08;EE02,EE05,EE06;DA01a;HT01a,HT01f,HT01g,HT01i,HT01l;EVA01a,EVA01d,EVA01e,EVA01f,EVA02a;DEa01;DEb02;APRd
6/9/202415:58:30;IEM;X11;INGENIERÍA Y SOCIEDAD;CAP02b;COM04,COM05,COM06;EE06,EE08;DA02b;HT02;EVA01a,EVA02a;DEa03;;APRa
6/9/202415:58:48;IEM;1,1;INGENIERÍA Y SOCIEDAD;CAP01a;COM05;EE03;DA02a;HT01a,HT01g,HT01i;EVA01a,EVA01f,EVA02b;DEa02;DEb01;APRc,APRe
6/9/202415:58:58;IEM;A;INGENIERÍA Y SOCIEDAD;CAP03;COM08;EE03;DA03,;HT02;EVA01a,EVA02a;DEa01;DEb01;APRa
6/9/202415:59:06;IEM;A1;INGENIERÍA Y SOCIEDAD;CAP02d;COM08;EE03,EE06,EE08;DA02b;HT01a,HT01i;EVA01a,EVA01e,EVA01f,EVA02a;DEa03;;APRa
6/9/202415:59:08;IEM;X1;INGENIERÍA Y SOCIEDAD;CAP02d;COM04;EE03,EE06,EE08;DA02b;HT01a,HT01i;EVA01a,EVA01e,EVA01f,EVA02a;DEa03;;APRa
6/9/202415:59:10;IEM;X11;INGENIERÍA Y SOCIEDAD;CAP03;COM08;autodidacta;DA03,;HT01a;EVA01a,EVA01d,EVA01e,EVA01j,EVA02a;DEa03;;APRa,APRb
6/9/202415:59:28;IEM;A;INGENIERÍA Y SOCIEDAD;CAP01c;COM05,COM06;EE06;DA01a;HT01a,HT01i;EVA01a,EVA01e,EVA02c;DEa01;DEb01,DEb02;APRa,APRb
6/9/202415:59:44;IEM;IEM-A;INGENIERÍA Y SOCIEDAD;CAP01b;COM04,COM05,COM06;EE02,EE03,EE06,EE08;DA01a;HT01a,HT01i;EVA01a,EVA01e,EVA01f,EVA02a;DEa02;DEb01,DEb02,DEb04;APRa,APRd
6/9/202416:00:11;IEM;X11;INGENIERÍA Y SOCIEDAD;CAP01a;COM04,COM05,COM06,COM07;EE02,EE06;DA01a;HT01a,HT01i;EVA01a,EVA01e,EVA02c;DEa01;DEb01,DEb06;APRb
6/9/202416:00:15;IEM;A;INGENIERÍA Y SOCIEDAD;CAP01a;COM04,COM06;EE10;DA03,;HT01a,HT01f,HT01i;EVA01a,EVA02a;DEa03;;APRd
6/9/202416:00:32;IEM;X11;INGENIERÍA Y SOCIEDAD;CAP03;COM06;EE03;DA03,;Actividadesmedianteelcampusvirtual;EVA01a,EVA01j,EVA02c;DEa03;;APRa
6/9/202416:00:44;IEM;1,1;INGENIERÍA Y SOCIEDAD;CAP01b;COM01,COM04,COM05;EE01,EE02,EE03,Trabajoenequipoogrupal;DA02b;HT01a,HT01f,HT01g,HT01i;EVA01a,EVA01d,EVA02a;DEa02;DEb01;APRa,APRc,APRe,APRf
6/9/202416:00:58;IEM;A;INGENIERÍA Y SOCIEDAD;CAP02a;COM04,COM05;EE08;DA03,;HT01a;EVA01a,EVA02a;DEa03;;APRa,APRd
6/9/202416:00:59;IEM;1,1;INGENIERÍA Y SOCIEDAD;CAP02b;COM04,COM06,COM08;EE02,EE03,Trabajoenequipoogrupal;DA03,;HT01i;EVA01a,EVA01e,EVA02a;DEa03;;APRb
6/9/202416:01:09;IEM;1;INGENIERÍA Y SOCIEDAD;CAP02c;COM04,COM05,COM06;EE03,EE05,Trabajoenequipoogrupal,EE08,EE10;DA01b;HT01a,HT01g,HT01i,HT01l;EVA01a,EVA01d,EVA01e,EVA01f,EVA02c;DEa03;;APRc
6/9/202416:01:23;IEM;X11;INGENIERÍA Y SOCIEDAD;CAP02b;COM04,COM06,COM08;EE03,EE04,EE06;DA03,;HT02;EVA01a,EVA01e,EVA01g,;DEa03;;APRb,APRe,APRf
6/9/202416:01:36;IEM;1;INGENIERÍA Y SOCIEDAD;CAP01a;COM01,COM02,COM03,COM04,COM06;EE02,EE03,Trabajoenequipoogrupal;DA01a;HT01g,HT01i;EVA01e,EVA01f,EVA02a;DEa03;;APRa,APRc,APRe
6/9/202416:02:06;IEM;1;INGENIERÍA Y SOCIEDAD;AVECES,;COM08;Noenseñannada;DA03,;HT02;EVA01a,EVA02a;DEa03;;Ninguna
6/9/202416:03:21;IEM;A;INGENIERÍA Y SOCIEDAD;CAP01b;COM08;EE06;DA03,;HT01i;EVA01a,EVA01e,EVA01j,EVA02a;DEa02;DEb01;APRa
6/9/202416:03:25;IEM;A;INGENIERÍA Y SOCIEDAD;CAP01a;COM04,COM05,COM06;EE02;DA02b;HT02;EVA01a,EVA01e,EVA02a;DEa03;;APRa,APRc
6/9/202416:04:35;IEM;X11;INGENIERÍA Y SOCIEDAD;CAP03;COM08,Lamaterianoteayudaennadaytesacatiempoquesepuedendedicaramateriasquesivalenlapena;EE03;DA03,;HT01a;EVA01a,EVA01e,;DEa03;;APRa,APRb
6/9/202416:05:14;IEM;1;INGENIERÍA Y SOCIEDAD;CAP01c;COM06;Trabajoenequipoogrupal,EE08;DA02a;HT01a,HT01e,HT01i,HT01l;EVA01a,EVA01e,EVA02a;DEa01;DEb01,DEb06;APRa,APRb,APRe
13/8/202418:15:47;ISI;A;SISTEMAS Y PROCESOS DE NEGOCIOS;CAP02b;COM03,COM07;EE06,EE07;DA02b;HT01b,HT01e,HT01f;EVA01c,EVA01g,EVA02c;DEa02;DEb02,DEb05;VideosdeYouTube
21/8/202418:33:34;ISI;Dk14;SISTEMAS Y PROCESOS DE NEGOCIOS;CAP01b;COM01,COM02,COM03,COM04,COM05,COM06;EE03,EE10;DA02b;HT01a,HT01i;EVA01a,EVA01b,EVA02c;DEa02;DEb02;APRa,APRb,APRc
21/8/202418:41:11;ISI;D;SISTEMAS Y PROCESOS DE NEGOCIOS;CAP01a;COM04,COM05,COM06,COM07;EE10;DA01b;HT01a;EVA01d,EVA02c;DEa01;DEb01;APRa,APRb
21/8/202418:42:05;ISI;Do4;SISTEMAS Y PROCESOS DE NEGOCIOS;CAP01c;COM01,COM02,COM04,COM07;EE03,EE06,EE08,EE10;DA03,;HT01a,HT01b;EVA01a,EVA01c,EVA01d,EVA02a;DEa03;;APRa,APRb,APRd
21/8/202418:50:50;ISI;D;SISTEMAS Y PROCESOS DE NEGOCIOS;SIEMPRE,Durantelaexposicióndeconceptosteóricos(ejemplificandolautilizacióndelashabilidadesenelcampolaboral)Además,almomentoderealizaralgunaactividad;COM02,COM04,COM05,COM06;EE01,EE03,EE06,EE10;DA01a;HT01a;EVA01b,EVA01f,EVA02c;DEa02;DEb01;APRa,APRe
21/8/202419:01:59;ISI;K14;SISTEMAS Y PROCESOS DE NEGOCIOS;CAP01a;COM01,COM04,COM05,COM06;EE01,EE06;DA01a;HT01i;EVA01d,EVA02c;DEa02;DEb01;APRa,APRb
21/8/202419:45:57;ISI;D;SISTEMAS Y PROCESOS DE NEGOCIOS;CAP01a;COM01,COM03,COM04,COM05,COM06;EE01,EE03,EE06,EE10;DA01a;HT01a;EVA01d,EVA01e,EVA01f,EVA02c;DEa01;DEb01,DEb04;APRa,APRc
21/8/202420:58:12;ISI;D;SISTEMAS Y PROCESOS DE NEGOCIOS;CAP01a;COM01,COM04,COM05;EE01,EE02,EE03,EE06,EE08,EE10;DA01a;HT01a;EVA01d,EVA02c;DEa02;DEb01,DEb04;APRa,APRb
21/8/202421:11:04;ISI;D;SISTEMAS Y PROCESOS DE NEGOCIOS;CAP01a;COM01,COM02,COM03,COM04,COM05,COM07;EE01,EE04,EE05,EE06,EE08,EE10;DA01a;HT01a;EVA01d,EVA02c;DEa03;;APRa,APRb,APRc
22/8/202409:55:47;ISI;D;SISTEMAS Y PROCESOS DE NEGOCIOS;CAP01b;COM01,COM04,COM05,COM06,COM07;EE01,EE03,EE06,EE08,EE10;DA01a;HT01a;EVA01b,EVA02c;DEa02;DEb01;APRb,APRc,APRf
22/8/202422:25:06;ISI;D;SISTEMAS Y PROCESOS DE NEGOCIOS;CAP02a;COM07;EE02;DA02b;HT01a;EVA01d,EVA02b;DEa02;DEb02;APRa
23/8/202411:04:58;ISI;D;SISTEMAS Y PROCESOS DE NEGOCIOS;CAP01a;COM02,COM04;EE08;DA01a;HT02;EVA01d,EVA01f,EVA02a;DEa01;DEb01;APRa,APRb
23/8/202411:21:37;ISI;D;SISTEMAS Y PROCESOS DE NEGOCIOS;CAP02b;COM04,COM05,COM06,COM07;EE01,EE03,EE05,EE10;DA01a;HT01a;EVA01b,EVA02c;DEa03;;APRc,APRd,APRe,APRf
23/8/202411:47:09;ISI;D;SISTEMAS Y PROCESOS DE NEGOCIOS;CAP01a;COM03,COM04;EE03;DA01a;HT01a;EVA01d,EVA02c;DEa02;DEb01;APRa,APRb
23/8/202414:24:10;ISI;D;SISTEMAS Y PROCESOS DE NEGOCIOS;AVECES,Durantelaexplicacióndealguntema;COM04,COM05,COM07;EE04,EE08,EE10;DA01b;HT02;EVA01a,EVA01b,EVA02c;DEa03;;APRa,APRb,APRc
23/8/202418:46:19;ISI;D;SISTEMAS Y PROCESOS DE NEGOCIOS;CAP01a;COM02,COM03,COM04;EE06,EE10;DA02a;HT01a;EVA01a,EVA01b,EVA01f,EVA02c;DEa02;DEb01;APRa,APRc
23/8/202421:05:57;ISI;D;SISTEMAS Y PROCESOS DE NEGOCIOS;CAP03;COM07;EE01,EE08,EE10;DA03,;HT02;EVA01b,EVA01f,EVA02c;DEa03;;APRb
25/8/202408:25:46;ISI;D;SISTEMAS Y PROCESOS DE NEGOCIOS;CAP01a;COM01,COM02,COM07;EE01,EE05,EE10;DA02a;HT01a;EVA01b,EVA02c;DEa02;DEb01;APRa,APRb,APRc
25/8/202420:48:27;ISI;D;SISTEMAS Y PROCESOS DE NEGOCIOS;CAP01a;COM01,COM02,COM03,COM04,COM05,COM06,COM07;EE01,EE02,EE03,EE04,EE05,EE06,EE07;DA02b;HT01a,HT01f;EVA01b,EVA01f,EVA02a;DEa01;DEb01,DEb02,DEb06;APRa,APRb,APRc
4/9/202407:57:48;ISI;K14;SISTEMAS Y PROCESOS DE NEGOCIOS;CAP02b;COM04,COM05,COM07;EE08;DA03,;Ppt;EVA01a,EVA01c,EVA01e,EVA02c;DEa03;;APRc
4/9/202408:00:52;ISI;D;SISTEMAS Y PROCESOS DE NEGOCIOS;CAP01a;COM04;EE03,EE06,EE10;DA01a;HT01a;EVA01d,EVA01f,EVA02c;DEa02;DEb01;APRa,APRb,APRc
4/9/202408:45:39;ISI;K14;SISTEMAS Y PROCESOS DE NEGOCIOS;CAP01a;COM03,COM04,COM06;EE04,EE08,EE10;DA01a;HT01a;,EVA02b;DEa02;DEb04;APRc,APRe
4/9/202408:46:32;ISI;D;SISTEMAS Y PROCESOS DE NEGOCIOS;CAP01a;COM02,COM04,COM06;EE01,EE10;DA02a;HT01a;,EVA02c;DEa01;DEb01;APRb,APRc
4/9/202410:20:12;ISI;D;SISTEMAS Y PROCESOS DE NEGOCIOS;CAP01a;COM01,COM04,COM06;EE01,EE03,EE08,EE10;DA01a;HT01a;EVA01b,EVA01f,EVA02c;DEa01;DEb01;APRa,APRd,APRe
4/9/202411:53:22;ISI;4oD;SISTEMAS Y PROCESOS DE NEGOCIOS;CAP01a;COM01,COM02,COM04,COM06;EE01,EE03,EE06,EE08,EE10;DA03,;HT01b,HT01a,TVtáctil;EVA01d,EVA02c;DEa03;;APRa,APRb,APRd
4/9/202413:49:45;ISI;D;SISTEMAS Y PROCESOS DE NEGOCIOS;CAP01a;COM01,COM02,COM03,COM04,COM07;EE05,EE08,EE10;DA01a;HT01a;EVA01b,EVA01d,EVA02c;DEa02;DEb01;APRa,APRb,APRc
4/9/202423:43:21;ISI;D;SISTEMAS Y PROCESOS DE NEGOCIOS;CAP01a;COM01,COM05,COM06;EE03,EE06,EE10;DA01a;HT02;EVA01b,EVA01f,EVA02c;DEa01;DEb01;APRc,APRe
5/9/202409:26:49;ISI;D;SISTEMAS Y PROCESOS DE NEGOCIOS;CAP01a;COM03;EE08;DA02a;HT01a;EVA01b,EVA01d,EVA02c;DEa02;DEb01;APRa
5/9/202409:30:56;ISI;D;SISTEMAS Y PROCESOS DE NEGOCIOS;CAP01a;COM01,COM02,COM04;EE02,EE06;DA02a;HT01a;EVA01d,EVA01f,EVA01h,EVA02c;DEa02;DEb01;APRb,APRc
5/9/202409:33:12;ISI;D(k14);SISTEMAS Y PROCESOS DE NEGOCIOS;CAP02a;COM02,COM03,COM04;EE08,EE10;DA02a;HT01a;EVA01b,EVA01f,EVA02c;DEa02;DEb01;APRa,APRb,APRc
5/9/202409:47:22;ISI;D;SISTEMAS Y PROCESOS DE NEGOCIOS;CAP02a;COM02,COM04,COM06,COM07;EE01,EE03,EE06,EE08,EE10;DA01a;HT01a;EVA01b,EVA01f,EVA02c;DEa01;DEb01;APRa,APRb,APRc
5/9/202410:16:55;ISI;D;SISTEMAS Y PROCESOS DE NEGOCIOS;CAP01a;COM01,COM02,COM03;EE06,EE08,EE10;DA02a;HT01a;EVA01a,EVA01b,EVA01f,EVA01h,EVA02c;DEa02;DEb01;APRb,APRc
5/9/202411:13:43;ISI;D;SISTEMAS Y PROCESOS DE NEGOCIOS;CAP01a;COM01,COM02,COM04,COM05,COM06,COM07;EE01,EE06,EE07,EE10;DA02b;HT01f;EVA01d,EVA01f,EVA02c;DEa01;DEb01,DEb06;APRa,APRb,APRd
5/9/202411:18:11;ISI;D;SISTEMAS Y PROCESOS DE NEGOCIOS;CAP01a;COM01,COM02,COM04,COM06;EE01,EE03,EE10;DA02a;HT01a,HT01i;EVA01d,EVA02a;DEa01;DEb01,DEb06;APRa,APRb,APRc
5/9/202411:25:01;ISI;1,4;SISTEMAS Y PROCESOS DE NEGOCIOS;CAP01d;COM01,COM02,COM04;EE04,EE10;DA03,;HT02;EVA01b,EVA01f,EVA02c;DEa01;DEb01;APRb,APRc
5/9/202411:37:05;ISI;D;SISTEMAS Y PROCESOS DE NEGOCIOS;CAP01a;COM01,COM02,COM04;EE10;DA02a;HT01a;EVA01d,EVA02c;DEa02;DEb01;APRb
5/9/202412:35:36;ISI;D;SISTEMAS Y PROCESOS DE NEGOCIOS;CAP01c;COM02,COM03,COM04,COM05;EE04,EE06,EE07,EE08;DA03,;HT01e,HT01f;EVA01b,EVA01d,EVA01f,EVA02c;DEa03;;APRa,APRb,APRc
5/9/202415:39:36;ISI;ISID;SISTEMAS Y PROCESOS DE NEGOCIOS;CAP02a;COM02,COM04,COM05,COM06,COM07;EE01,EE03,EE10;DA02b;HT01b;EVA01d,EVA02c;DEa02;DEb01;APRa,APRc,APRe
5/9/202415:41:53;ISI;4;SISTEMAS Y PROCESOS DE NEGOCIOS;CAP02b;COM02,COM04;EE08,EE10;DA02b;HT02;EVA01b,EVA01f,EVA02b;DEa02;DEb01;APRa,APRb
6/9/202407:29:32;ISI;D;SISTEMAS Y PROCESOS DE NEGOCIOS;AVECES,Durantelaclase;COM04,COM05,COM07;EE05,EE08,EE10;DA01b;HT02;EVA01d,EVA02c;DEa03;;APRa,APRb,APRc,APRe
6/9/202409:02:10;ISI;D;SISTEMAS Y PROCESOS DE NEGOCIOS;CAP01b;COM04,COM05,COM06;EE03,EE10;DA03,;HT02;EVA01d,EVA02b;DEa02;DEb01;APRa,APRb,APRc,APRe
6/9/202410:42:13;ISI;4;SISTEMAS Y PROCESOS DE NEGOCIOS;CAP01a;COM01;EE08,EE10;DA02a;HT02;EVA01d,EVA01f,EVA02a;DEa02;DEb01;APRa,APRb,APRd,APRe
6/9/202411:58:10;ISI;D;SISTEMAS Y PROCESOS DE NEGOCIOS;CAP01a;COM03,COM04;EE03,EE04;DA02a;HT01a;EVA01d,EVA02a;DEa02;DEb01;APRa,APRb
8/9/202417:44:53;ISI;4;SISTEMAS Y PROCESOS DE NEGOCIOS;CAP02a;COM01;EE01;DA03,;HT02;EVA01a,EVA01b,EVA01d,EVA01h,EVA02b;DEa03;;APRb
